<!-- Generated by tools/generate_nos3_inventory.py; do not edit. -->
# predict

**경로:** `components/syn/fsw/cfs/owls/assets/asdp000000002/predict/`

## 이 폴더의 파일

## `00000.json`

**경로:** `components/syn/fsw/cfs/owls/assets/asdp000000002/predict/00000.json`


```text
{
    "Times": [
        10,
        11,
        12,
        13,
        14,
        15,
        16,
        17,
        18,
        19,
        20,
        21,
        22,
        23,
        24,
        25,
        26,
        27,
        28,
        29,
        30,
        31,
        32,
        33,
        34,
        35,
        36,
        37,
        38,
        39,
        40,
        41,
        42,
        43,
        44,
        45,
        46,
        47,
        48,
        49,
        50,
        51,
        52,
        53,
        54,
        55,
        56,
        57,
        58,
        59,
        60,
        61,
        62,
        63,
        64,
        65,
        66,
        67,
        68,
        69,
        70,
        71,
        72,
        73,
        74,
        75,
        76,
        77,
        78,
        79,
        80,
        81,
        82,
        83,
        84,
        85,
        86,
        87,
        88,
        89,
        90
    ],
    "Particles_Position": [
        [
            693.5,
            884.5
        ],
        [
            715.5,
            863.6
        ],
        [
            724.6,
            853.9
        ],
        [
            719.3,
            858.7
        ],
        null,
        null,
        [
            729.1,
            849.0
        ],
        [
            735.2,
            843.3
        ],
        null,
        [
            740.6,
            837.8
        ],
        [
            751.8,
            826.8
        ],
        [
            747.4,
            831.8
        ],
        null,
        [
            756.8,
            822.2
        ],
        [
            769.7,
            810.0
        ],
        [
            762.1,
            817.8
        ],
        [
            766.1,
            812.9
        ],
        null,
        null,
        null,
        [
            777.4,
            801.5
        ],
        [
            780.7,
            798.2
        ],
        null,
        [
            791.6,
            787.8
        ],
        [
            784.8,
            794.5
        ],
        [
            788.8,
            790.9
        ],
        [
            799.1,
            781.0
        ],
        [
            794.6,
            784.6
        ],
        [
            802.4,
            777.9
        ],
        [
            805.9,
            774.3
        ],
        null,
        [
            809.0,
            770.3
        ],
        [
            812.9,
            767.7
        ],
        [
            821.4,
            760.0
        ],
        [
            816.9,
            762.8
        ],
        [
            824.6,
            755.3
        ],
        [
            832.9,
            747.0
        ],
        [
            829.0,
            750.8
        ],
        [
            837.5,
            743.9
        ],
        [
            841.3,
            739.5
        ],
        [
            845.4,
            736.2
        ],
        [
            849.3,
            731.6
        ],
        [
            853.3,
            727.0
        ],
        [
            858.2,
            722.9
        ],
        [
            861.9,
            719.0
        ],
        [
            865.5,
            714.4
        ],
        [
            869.8,
            711.2
        ],
        [
            874.0,
            707.7
        ],
        [
            878.1,
            703.4
        ],
        [
            882.0,
            698.6
        ],
        [
            887.2,
            693.6
        ],
        [
            891.7,
            689.7
        ],
        [
            896.0,
            685.4
        ],
        [
            900.3,
            681.3
        ],
        [
            903.9,
            677.5
        ],
        [
            918.1,
            663.8
        ],
        [
            908.4,
            672.4
        ],
        [
            914.0,
            668.1
        ],
        [
            923.9,
            658.2
        ],
        [
            926.9,
            653.5
        ],
        [
            936.4,
            644.4
        ],
        [
            940.1,
            639.4
        ],
        [
            931.8,
            649.4
        ],
        [
            944.0,
            635.5
        ],
        [
            948.3,
            630.9
        ],
        [
            957.1,
            623.8
        ],
        [
            952.9,
            627.6
        ],
        [
            965.0,
            616.1
        ],
        [
            960.2,
            619.7
        ],
        [
            968.4,
            612.9
        ],
        [
            972.5,
            608.6
        ],
        [
            976.3,
            605.1
        ],
        [
            979.4,
            600.9
        ],
        [
            984.1,
            597.9
        ],
        [
            994.9,
            586.2
        ],
        [
            987.1,
            593.6
        ],
        [
            991.9,
            589.3
        ],
        [
            1000.3,
            581.8
        ],
        [
            1003.3,
            578.0
        ],
        [
            1007.3,
            574.4
        ],
        [
            1010.8,
            570.8
        ]
    ],
    "Particles_Estimated_Position": [
        [
            693.5,
            884.5
        ],
        [
            715.5,
            863.6
        ],
        [
            724.6,
            853.9
        ],
        [
            719.3,
            858.7
        ],
        [
            722.5666666666666,
            855.4666666666667
        ],
        [
            725.8333333333334,
            852.2333333333333
        ],
        [
            729.1,
            849.0
        ],
        [
            735.2,
            843.3
        ],
        [
            737.9000000000001,
            840.55
        ],
        [
            740.6,
            837.8
        ],
        [
            751.8,
            826.8
        ],
        [
            747.4,
            831.8
        ],
        [
            752.0999999999999,
            827.0
        ],
        [
            756.8,
            822.2
        ],
        [
            769.7,
            810.0
        ],
        [
            762.1,
            817.8
        ],
        [
            766.1,
            812.9
        ],
        [
            768.925,
            810.05
        ],
        [
            771.75,
            807.2
        ],
        [
            774.575,
            804.35
        ],
        [
            777.4,
            801.5
        ],
        [
            780.7,
            798.2
        ],
        [
            786.1500000000001,
            793.0
        ],
        [
            791.6,
            787.8
        ],
        [
            784.8,
            794.5
        ],
        [
            788.8,
            790.9
        ],
        [
            799.1,
            781.0
        ],
        [
            794.6,
            784.6
        ],
        [
            802.4,
            777.9
        ],
        [
            805.9,
            774.3
        ],
        [
            807.45,
            772.3
        ],
        [
            809.0,
            770.3
        ],
        [
            812.9,
            767.7
        ],
        [
            821.4,
            760.0
        ],
        [
            816.9,
            762.8
        ],
        [
            824.6,
            755.3
        ],
        [
            832.9,
            747.0
        ],
        [
            829.0,
            750.8
        ],
        [
            837.5,
            743.9
        ],
        [
            841.3,
            739.5
        ],
        [
            845.4,
            736.2
        ],
        [
            849.3,
            731.6
        ],
        [
            853.3,
            727.0
        ],
        [
            858.2,
            722.9
        ],
        [
            861.9,
            719.0
        ],
        [
            865.5,
            714.4
        ],
        [
            869.8,
            711.2
        ],
        [
            874.0,
            707.7
        ],
        [
            878.1,
            703.4
        ],
        [
            882.0,
            698.6
        ],
        [
            887.2,
            693.6
        ],
        [
            891.7,
            689.7
        ],
        [
            896.0,
            685.4
        ],
        [
            900.3,
            681.3
        ],
        [
            903.9,
            677.5
        ],
        [
            918.1,
            663.8
        ],
        [
            908.4,
            672.4
        ],
        [
            914.0,
            668.1
        ],
        [
            923.9,
            658.2
        ],
        [
            926.9,
            653.5
        ],
        [
            936.4,
            644.4
        ],
        [
            940.1,
            639.4
        ],
        [
            931.8,
            649.4
        ],
        [
            944.0,
            635.5
        ],
        [
            948.3,
            630.9
        ],
        [
            957.1,
            623.8
        ],
        [
            952.9,
            627.6
        ],
        [
            965.0,
            616.1
        ],
        [
            960.2,
            619.7
        ],
        [
            968.4,
            612.9
        ],
        [
            972.5,
            608.6
        ],
        [
            976.3,
            605.1
        ],
        [
            979.4,
            600.9
        ],
        [
            984.1,
            597.9
        ],
        [
            994.9,
            586.2
        ],
        [
            987.1,
            593.6
        ],
        [
            991.9,
            589.3
        ],
        [
            1000.3,
            581.8
        ],
        [
            1003.3,
            578.0
        ],
        [
            1007.3,
            574.4
        ],
        [
            1010.8,
            570.8
        ]
    ],
    "Particles_Size": [
        6,
        8,
        8,
        13,
        null,
        null,
        13,
        6,
        null,
        8,
        11,
        10,
        null,
        13,
        11,
        8,
        12,
        null,
        null,
        null,
        18,
        15,
        null,
        17,
        13,
        10,
        24,
        17,
        17,
        15,
        null,
        15,
        16,
        20,
        13,
        19,
        16,
        13,
        34,
        26,
        28,
        35,
        32,
        38,
        37,
        32,
        33,
        27,
        38,
        25,
        32,
        31,
        37,
        41,
        32,
        23,
        35,
        35,
        27,
        22,
        42,
        29,
        32,
        35,
        37,
        39,
        40,
        40,
        42,
        30,
        34,
        28,
        21,
        31,
        12,
        22,
        14,
        12,
        12,
        11,
        5
    ],
    "Particles_Bbox": [
        [
            [
                692,
                883
            ],
            [
                4,
                3
            ]
        ],
        [
            [
                713,
                862
            ],
            [
                5,
                3
            ]
        ],
        [
            [
                722,
                852
            ],
            [
                5,
                4
            ]
        ],
        [
            [
                717,
                857
            ],
            [
                5,
                4
            ]
        ],
        null,
        null,
        [
            [
                727,
                847
            ],
            [
                5,
                4
            ]
        ],
        [
            [
                733,
                842
            ],
            [
                5,
                3
            ]
        ],
        null,
        [
            [
                738,
                836
            ],
            [
                5,
                3
            ]
        ],
        [
            [
                749,
                825
            ],
            [
                5,
                4
            ]
        ],
        [
            [
                745,
                830
            ],
            [
                6,
                4
            ]
        ],
        null,
        [
            [
                754,
                820
            ],
            [
                6,
                4
            ]
        ],
        [
            [
                767,
                808
            ],
            [
                6,
                4
            ]
        ],
        [
            [
                759,
                816
            ],
            [
                6,
                3
            ]
        ],
        [
            [
                763,
                811
            ],
            [
                7,
                4
            ]
        ],
        null,
        null,
        null,
        [
            [
                774,
                799
            ],
            [
                7,
                5
            ]
        ],
        [
            [
                778,
                796
            ],
            [
                6,
                5
            ]
        ],
        null,
        [
            [
                788,
                786
            ],
            [
                7,
                4
            ]
        ],
        [
            [
                781,
                792
            ],
            [
                8,
                5
            ]
        ],
        [
            [
                785,
                789
            ],
            [
                6,
                4
            ]
        ],
        [
            [
                796,
                776
            ],
            [
                7,
                8
            ]
        ],
        [
            [
                791,
                782
            ],
            [
                7,
                5
            ]
        ],
        [
            [
                799,
                776
            ],
            [
                7,
                4
            ]
        ],
        [
            [
                803,
                772
            ],
            [
                6,
                5
            ]
        ],
        null,
        [
            [
                806,
                768
            ],
            [
                6,
                5
            ]
        ],
        [
            [
                810,
                765
            ],
            [
                6,
                5
            ]
        ],
        [
            [
                817,
                757
            ],
            [
                9,
                5
            ]
        ],
        [
            [
                814,
                761
            ],
            [
                6,
                5
            ]
        ],
        [
            [
                822,
                750
            ],
            [
                6,
                8
            ]
        ],
        [
            [
                830,
                745
            ],
            [
                6,
                5
            ]
        ],
        [
            [
                826,
                749
            ],
            [
                6,
                4
            ]
        ],
        [
            [
                834,
                739
            ],
            [
                7,
                10
            ]
        ],
        [
            [
                838,
                735
            ],
            [
                7,
                8
            ]
        ],
        [
            [
                842,
                733
            ],
            [
                8,
                6
            ]
        ],
        [
            [
                845,
                727
            ],
            [
                8,
                8
            ]
        ],
        [
            [
                850,
                722
            ],
            [
                7,
                9
            ]
        ],
        [
            [
                853,
                718
            ],
            [
                10,
                8
            ]
        ],
        [
            [
                858,
                714
            ],
            [
                8,
                8
            ]
        ],
        [
            [
                862,
                709
            ],
            [
                7,
                9
            ]
        ],
        [
            [
                866,
                706
            ],
            [
                11,
                9
            ]
        ],
        [
            [
                870,
                703
            ],
            [
                8,
                8
            ]
        ],
        [
            [
                874,
                698
            ],
            [
                11,
                9
            ]
        ],
        [
            [
                879,
                696
            ],
            [
                7,
                6
            ]
        ],
        [
            [
                883,
                689
            ],
            [
                8,
                9
            ]
        ],
        [
            [
                887,
                685
            ],
            [
                11,
                8
            ]
        ],
        [
            [
                892,
                681
            ],
            [
                11,
                9
            ]
        ],
        [
            [
                896,
                677
            ],
            [
                11,
                8
            ]
        ],
        [
            [
                900,
                673
            ],
            [
                11,
                8
            ]
        ],
        [
            [
                914,
                660
            ],
            [
                10,
                6
            ]
        ],
        [
            [
                902,
                668
            ],
            [
                13,
                8
            ]
        ],
        [
            [
                909,
                663
            ],
            [
                11,
                8
            ]
        ],
        [
            [
                919,
                653
            ],
            [
                10,
                9
            ]
        ],
        [
            [
                923,
                651
            ],
            [
                8,
                5
            ]
        ],
        [
            [
                931,
                640
            ],
            [
                12,
                8
            ]
        ],
        [
            [
                935,
                635
            ],
            [
                11,
                8
            ]
        ],
        [
            [
                927,
                645
            ],
            [
                11,
                8
            ]
        ],
        [
            [
                939,
                631
            ],
            [
                11,
                8
            ]
        ],
        [
            [
                944,
                626
            ],
            [
                11,
                9
            ]
        ],
        [
            [
                952,
                619
            ],
            [
                11,
                9
            ]
        ],
        [
            [
                948,
                623
            ],
            [
                11,
                9
            ]
        ],
        [
            [
                959,
                611
            ],
            [
                12,
                9
            ]
        ],
        [
            [
                955,
                614
            ],
            [
                12,
                10
            ]
        ],
        [
            [
                962,
                609
            ],
            [
                11,
                8
            ]
        ],
        [
            [
                968,
                603
            ],
            [
                11,
                10
            ]
        ],
        [
            [
                971,
                601
            ],
            [
                12,
                8
            ]
        ],
        [
            [
                975,
                596
            ],
            [
                9,
                9
            ]
        ],
        [
            [
                979,
                592
            ],
            [
                10,
                9
            ]
        ],
        [
            [
                991,
                582
            ],
            [
                9,
                7
            ]
        ],
        [
            [
                983,
                590
            ],
            [
                9,
                7
            ]
        ],
        [
            [
                987,
                586
            ],
            [
                9,
                6
            ]
        ],
        [
            [
                996,
                578
            ],
            [
                9,
                7
            ]
        ],
        [
            [
                999,
                574
            ],
            [
                9,
                7
            ]
        ],
        [
            [
                1003,
                571
            ],
            [
                9,
                7
            ]
        ],
        [
            [
                1006,
                568
            ],
            [
                9,
                5
            ]
        ]
    ],
    "Particles_Max_Intensity": [
        [
            69
        ],
        [
            99
        ],
        [
            105
        ],
        [
            94
        ],
        null,
        null,
        [
            121
        ],
        [
            113
        ],
        null,
        [
            117
        ],
        [
            102
        ],
        [
            108
        ],
        null,
        [
            113
        ],
        [
            114
        ],
        [
            91
        ],
        [
            104
        ],
        null,
        null,
        null,
        [
            93
        ],
        [
            117
        ],
        null,
        [
            106
        ],
        [
            101
        ],
        [
            92
        ],
        [
            141
        ],
        [
            112
        ],
        [
            121
        ],
        [
            104
        ],
        null,
        [
            99
        ],
        [
            97
        ],
        [
            116
        ],
        [
            100
        ],
        [
            120
        ],
        [
            126
        ],
        [
            101
        ],
        [
            120
        ],
        [
            117
        ],
        [
            92
        ],
        [
            105
        ],
        [
            122
        ],
        [
            115
        ],
        [
            114
        ],
        [
            113
        ],
        [
            104
        ],
        [
            122
        ],
        [
            117
        ],
        [
            122
        ],
        [
            103
        ],
        [
            109
        ],
        [
            121
        ],
        [
            119
        ],
        [
            119
        ],
        [
            95
        ],
        [
            107
        ],
        [
            115
        ],
        [
            109
        ],
        [
            95
        ],
        [
            101
        ],
        [
            96
        ],
        [
            100
        ],
        [
            94
        ],
        [
            104
        ],
        [
            98
        ],
        [
            102
        ],
        [
            93
        ],
        [
            99
        ],
        [
            99
        ],
        [
            101
        ],
        [
            95
        ],
        [
            94
        ],
        [
            104
        ],
        [
            103
        ],
        [
            86
        ],
        [
            82
        ],
        [
            97
        ],
        [
            98
        ],
        [
            117
        ],
        [
            95
        ]
    ],
    "Track_ID": 0,
    "classification": "non-motile",
    "probability_motility": 0.38676981592076537
}
```

## `00001.json`

**경로:** `components/syn/fsw/cfs/owls/assets/asdp000000002/predict/00001.json`


```text
{
    "Times": [
        10,
        11,
        12,
        13,
        14,
        15,
        16,
        17,
        18,
        19,
        20,
        21,
        22,
        23,
        24,
        25,
        26,
        27,
        28,
        29,
        30,
        31,
        32,
        33,
        34,
        35,
        36,
        37,
        38,
        39,
        40,
        41,
        42,
        43,
        44,
        45,
        46,
        47,
        48,
        49,
        50,
        51,
        52,
        53,
        54,
        55,
        56,
        57,
        58,
        59,
        60,
        61,
        62,
        63,
        64,
        65,
        66,
        67,
        68,
        69,
        70,
        71,
        72,
        73,
        74,
        75,
        76,
        77,
        78,
        79,
        80,
        81,
        82,
        83,
        84,
        85,
        86,
        87,
        88,
        89,
        90,
        91,
        92,
        93,
        94,
        95,
        96,
        97,
        98,
        99,
        100,
        101,
        102,
        103,
        104,
        105,
        106,
        107,
        108,
        109,
        110,
        111
    ],
    "Particles_Position": [
        [
            780.9,
            916.2
        ],
        [
            801.1,
            907.0
        ],
        [
            808.2,
            905.8
        ],
        [
            804.2,
            910.2
        ],
        null,
        null,
        null,
        null,
        null,
        [
            815.7,
            905.2
        ],
        [
            828.4,
            897.5
        ],
        [
            820.8,
            900.9
        ],
        null,
        [
            831.1,
            897.5
        ],
        [
            849.5,
            884.9
        ],
        [
            843.1,
            891.7
        ],
        [
            845.4,
            888.1
        ],
        null,
        null,
        null,
        [
            857.5,
            878.6
        ],
        [
            865.7,
            874.7
        ],
        null,
        [
            873.4,
            875.8
        ],
        [
            866.5,
            877.1
        ],
        [
            870.3,
            876.5
        ],
        [
            877.4,
            876.3
        ],
        [
            876.7,
            878.0
        ],
        [
            881.4,
            881.9
        ],
        [
            882.3,
            886.1
        ],
        null,
        [
            886.0,
            888.1
        ],
        [
            886.6,
            886.2
        ],
        [
            897.9,
            886.8
        ],
        [
            894.1,
            887.3
        ],
        [
            905.1,
            884.7
        ],
        [
            913.3,
            880.8
        ],
        [
            908.9,
            882.1
        ],
        [
            919.9,
            877.6
        ],
        [
            925.5,
            874.0
        ],
        [
            932.6,
            871.6
        ],
        [
            934.5,
            874.4
        ],
        [
            939.8,
            866.2
        ],
        [
            943.2,
            865.2
        ],
        [
            945.2,
            868.5
        ],
        [
            949.4,
            868.9
        ],
        [
            945.7,
            870.0
        ],
        [
            947.6,
            871.9
        ],
        [
            949.1,
            874.2
        ],
        [
            952.3,
            874.3
        ],
        [
            950.9,
            872.8
        ],
        [
            954.9,
            877.5
        ],
        [
            956.0,
            876.4
        ],
        [
            961.1,
            877.3
        ],
        [
            969.0,
            884.5
        ],
        [
            982.7,
            883.4
        ],
        [
            972.8,
            881.5
        ],
        [
            977.8,
            883.6
        ],
        [
            985.7,
            883.9
        ],
        [
            985.7,
            879.5
        ],
        [
            991.9,
            877.6
        ],
        [
            994.7,
            874.3
        ],
        [
            991.2,
            878.6
        ],
        [
            994.3,
            871.8
        ],
        [
            993.8,
            869.0
        ],
        [
            988.7,
            867.0
        ],
        [
            992.8,
            868.1
        ],
        [
            980.6,
            866.7
        ],
        [
            988.4,
            863.8
        ],
        [
            980.4,
            867.0
        ],
        [
            982.7,
            873.2
        ],
        [
            980.2,
            873.1
        ],
        [
            986.4,
            874.1
        ],
        [
            986.5,
            877.9
        ],
        [
            993.8,
            879.2
        ],
        [
            990.3,
            876.4
        ],
        [
            992.7,
            882.8
        ],
        [
            997.0,
            884.4
        ],
        [
            998.9,
            885.4
        ],
        [
            1001.8,
            887.0
        ],
        [
            1006.7,
            888.6
        ],
        [
            1008.0,
            889.5
        ],
        [
            1012.9,
            888.3
        ],
        [
            1012.9,
            889.3
        ],
        [
            1014.8,
            886.0
        ],
        [
            1016.1,
            889.4
        ],
        [
            1017.1,
            888.1
        ],
        [
            1015.2,
            890.2
        ],
        [
            1016.3,
            887.5
        ],
        [
            1016.3,
            888.5
        ],
        [
            1015.6,
            887.3
        ],
        [
            1016.2,
            886.0
        ],
        [
            1015.4,
            890.7
        ],
        [
            1013.8,
            889.6
        ],
        [
            1014.0,
            885.7
        ],
        [
            1013.8,
            885.4
        ],
        [
            1014.2,
            889.5
        ],
        [
            1016.4,
            891.0
        ],
        [
            1015.3,
            890.0
        ],
        [
            1020.6,
            895.3
        ],
        [
            1018.0,
            891.4
        ],
        [
            1021.9,
            893.6
        ]
    ],
    "Particles_Estimated_Position": [
        [
            780.9,
            916.2
        ],
        [
            801.1,
            907.0
        ],
        [
            808.2,
            905.8
        ],
        [
            804.2,
            910.2
        ],
        [
            806.1166666666667,
            909.3666666666667
        ],
        [
            808.0333333333334,
            908.5333333333334
        ],
        [
            809.95,
            907.7
        ],
        [
            811.8666666666667,
            906.8666666666667
        ],
        [
            813.7833333333334,
            906.0333333333334
        ],
        [
            815.7,
            905.2
        ],
        [
            828.4,
            897.5
        ],
        [
            820.8,
            900.9
        ],
        [
            825.95,
            899.2
        ],
        [
            831.1,
            897.5
        ],
        [
            849.5,
            884.9
        ],
        [
            843.1,
            891.7
        ],
        [
            845.4,
            888.1
        ],
        [
            848.425,
            885.725
        ],
        [
            851.45,
            883.35
        ],
        [
            854.475,
            880.975
        ],
        [
            857.5,
            878.6
        ],
        [
            865.7,
            874.7
        ],
        [
            869.55,
            875.25
        ],
        [
            873.4,
            875.8
        ],
        [
            866.5,
            877.1
        ],
        [
            870.3,
            876.5
        ],
        [
            877.4,
            876.3
        ],
        [
            876.7,
            878.0
        ],
        [
            881.4,
            881.9
        ],
        [
            882.3,
            886.1
        ],
        [
            884.15,
            887.1
        ],
        [
            886.0,
            888.1
        ],
        [
            886.6,
            886.2
        ],
        [
            897.9,
            886.8
        ],
        [
            894.1,
            887.3
        ],
        [
            905.1,
            884.7
        ],
        [
            913.3,
            880.8
        ],
        [
            908.9,
            882.1
        ],
        [
            919.9,
            877.6
        ],
        [
            925.5,
            874.0
        ],
        [
            932.6,
            871.6
        ],
        [
            934.5,
            874.4
        ],
        [
            939.8,
            866.2
        ],
        [
            943.2,
            865.2
        ],
        [
            945.2,
            868.5
        ],
        [
            949.4,
            868.9
        ],
        [
            945.7,
            870.0
        ],
        [
            947.6,
            871.9
        ],
        [
            949.1,
            874.2
        ],
        [
            952.3,
            874.3
        ],
        [
            950.9,
            872.8
        ],
        [
            954.9,
            877.5
        ],
        [
            956.0,
            876.4
        ],
        [
            961.1,
            877.3
        ],
        [
            969.0,
            884.5
        ],
        [
            982.7,
            883.4
        ],
        [
            972.8,
            881.5
        ],
        [
            977.8,
            883.6
        ],
        [
            985.7,
            883.9
        ],
        [
            985.7,
            879.5
        ],
        [
            991.9,
            877.6
        ],
        [
            994.7,
            874.3
        ],
        [
            991.2,
            878.6
        ],
        [
            994.3,
            871.8
        ],
        [
            993.8,
            869.0
        ],
        [
            988.7,
            867.0
        ],
        [
            992.8,
            868.1
        ],
        [
            980.6,
            866.7
        ],
        [
            988.4,
            863.8
        ],
        [
            980.4,
            867.0
        ],
        [
            982.7,
            873.2
        ],
        [
            980.2,
            873.1
        ],
        [
            986.4,
            874.1
        ],
        [
            986.5,
            877.9
        ],
        [
            993.8,
            879.2
        ],
        [
            990.3,
            876.4
        ],
        [
            992.7,
            882.8
        ],
        [
            997.0,
            884.4
        ],
        [
            998.9,
            885.4
        ],
        [
            1001.8,
            887.0
        ],
        [
            1006.7,
            888.6
        ],
        [
            1008.0,
            889.5
        ],
        [
            1012.9,
            888.3
        ],
        [
            1012.9,
            889.3
        ],
        [
            1014.8,
            886.0
        ],
        [
            1016.1,
            889.4
        ],
        [
            1017.1,
            888.1
        ],
        [
            1015.2,
            890.2
        ],
        [
            1016.3,
            887.5
        ],
        [
            1016.3,
            888.5
        ],
        [
            1015.6,
            887.3
        ],
        [
            1016.2,
            886.0
        ],
        [
            1015.4,
            890.7
        ],
        [
            1013.8,
            889.6
        ],
        [
            1014.0,
            885.7
        ],
        [
            1013.8,
            885.4
        ],
        [
            1014.2,
            889.5
        ],
        [
            1016.4,
            891.0
        ],
        [
            1015.3,
            890.0
        ],
        [
            1020.6,
            895.3
        ],
        [
            1018.0,
            891.4
        ],
        [
            1021.9,
            893.6
        ]
    ],
    "Particles_Size": [
        425,
        379,
        361,
        481,
        null,
        null,
        null,
        null,
        null,
        420,
        436,
        423,
        null,
        420,
        433,
        315,
        430,
        null,
        null,
        null,
        482,
        390,
        null,
        458,
        363,
        387,
        531,
        619,
        525,
        569,
        null,
        644,
        709,
        573,
        628,
        667,
        738,
        683,
        835,
        623,
        668,
        744,
        648,
        850,
        839,
        909,
        667,
        764,
        718,
        885,
        752,
        735,
        593,
        824,
        666,
        657,
        752,
        781,
        616,
        751,
        800,
        672,
        860,
        694,
        798,
        681,
        764,
        620,
        830,
        644,
        755,
        551,
        621,
        503,
        319,
        490,
        326,
        266,
        269,
        250,
        256,
        235,
        248,
        253,
        216,
        157,
        110,
        169,
        170,
        131,
        175,
        194,
        198,
        208,
        220,
        244,
        223,
        144,
        186,
        54,
        127,
        28
    ],
    "Particles_Bbox": [
        [
            [
                749,
                898
            ],
            [
                65,
                41
            ]
        ],
        [
            [
                782,
                868
            ],
            [
                51,
                55
            ]
        ],
        [
            [
                774,
                870
            ],
            [
                66,
                59
            ]
        ],
        [
            [
                768,
                874
            ],
            [
                72,
                56
            ]
        ],
        null,
        null,
        null,
        null,
        null,
        [
            [
                794,
                870
            ],
            [
                55,
                61
            ]
        ],
        [
            [
                800,
                864
            ],
            [
                66,
                64
            ]
        ],
        [
            [
                792,
                870
            ],
            [
                64,
                60
            ]
        ],
        null,
        [
            [
                796,
                864
            ],
            [
                67,
                68
            ]
        ],
        [
            [
                817,
                859
            ],
            [
                73,
                57
            ]
        ],
        [
            [
                820,
                872
            ],
            [
                45,
                49
            ]
        ],
        [
            [
                811,
                857
            ],
            [
                76,
                62
            ]
        ],
        null,
        null,
        null,
        [
            [
                817,
                852
            ],
            [
                73,
                58
            ]
        ],
        [
            [
                828,
                853
            ],
            [
                75,
                44
            ]
        ],
        null,
        [
            [
                836,
                837
            ],
            [
                73,
                64
            ]
        ],
        [
            [
                830,
                862
            ],
            [
                71,
                50
            ]
        ],
        [
            [
                849,
                837
            ],
            [
                53,
                59
            ]
        ],
        [
            [
                833,
                836
            ],
            [
                78,
                69
            ]
        ],
        [
            [
                834,
                843
            ],
            [
                75,
                69
            ]
        ],
        [
            [
                847,
                842
            ],
            [
                60,
                68
            ]
        ],
        [
            [
                842,
                849
            ],
            [
                70,
                63
            ]
        ],
        null,
        [
            [
                850,
                854
            ],
            [
                75,
                99
            ]
        ],
        [
            [
                866,
                844
            ],
            [
                55,
                98
            ]
        ],
        [
            [
                877,
                849
            ],
            [
                42,
                91
            ]
        ],
        [
            [
                859,
                850
            ],
            [
                70,
                93
            ]
        ],
        [
            [
                869,
                850
            ],
            [
                81,
                80
            ]
        ],
        [
            [
                874,
                844
            ],
            [
                87,
                69
            ]
        ],
        [
            [
                869,
                849
            ],
            [
                81,
                63
            ]
        ],
        [
            [
                878,
                835
            ],
            [
                84,
                74
            ]
        ],
        [
            [
                873,
                834
            ],
            [
                91,
                72
            ]
        ],
        [
            [
                888,
                824
            ],
            [
                77,
                83
            ]
        ],
        [
            [
                887,
                828
            ],
            [
                93,
                79
            ]
        ],
        [
            [
                901,
                823
            ],
            [
                85,
                77
            ]
        ],
        [
            [
                906,
                813
            ],
            [
                79,
                84
            ]
        ],
        [
            [
                899,
                803
            ],
            [
                85,
                94
            ]
        ],
        [
            [
                901,
                818
            ],
            [
                83,
                87
            ]
        ],
        [
            [
                906,
                829
            ],
            [
                71,
                73
            ]
        ],
        [
            [
                910,
                834
            ],
            [
                69,
                73
            ]
        ],
        [
            [
                906,
                835
            ],
            [
                79,
                73
            ]
        ],
        [
            [
                915,
                836
            ],
            [
                68,
                73
            ]
        ],
        [
            [
                912,
                827
            ],
            [
                65,
                81
            ]
        ],
        [
            [
                915,
                837
            ],
            [
                70,
                67
            ]
        ],
        [
            [
                932,
                840
            ],
            [
                48,
                63
            ]
        ],
        [
            [
                918,
                836
            ],
            [
                81,
                79
            ]
        ],
        [
            [
                920,
                850
            ],
            [
                79,
                67
            ]
        ],
        [
            [
                945,
                841
            ],
            [
                78,
                87
            ]
        ],
        [
            [
                941,
                841
            ],
            [
                64,
                81
            ]
        ],
        [
            [
                941,
                840
            ],
            [
                82,
                91
            ]
        ],
        [
            [
                949,
                846
            ],
            [
                70,
                68
            ]
        ],
        [
            [
                947,
                835
            ],
            [
                69,
                80
            ]
        ],
        [
            [
                951,
                832
            ],
            [
                72,
                81
            ]
        ],
        [
            [
                956,
                832
            ],
            [
                67,
                71
            ]
        ],
        [
            [
                948,
                836
            ],
            [
                75,
                79
            ]
        ],
        [
            [
                955,
                826
            ],
            [
                68,
                80
            ]
        ],
        [
            [
                955,
                818
            ],
            [
                68,
                84
            ]
        ],
        [
            [
                955,
                833
            ],
            [
                68,
                58
            ]
        ],
        [
            [
                959,
                828
            ],
            [
                64,
                74
            ]
        ],
        [
            [
                950,
                831
            ],
            [
                70,
                63
            ]
        ],
        [
            [
                946,
                829
            ],
            [
                77,
                68
            ]
        ],
        [
            [
                944,
                829
            ],
            [
                72,
                72
            ]
        ],
        [
            [
                947,
                841
            ],
            [
                72,
                66
            ]
        ],
        [
            [
                939,
                846
            ],
            [
                74,
                55
            ]
        ],
        [
            [
                959,
                841
            ],
            [
                57,
                63
            ]
        ],
        [
            [
                947,
                842
            ],
            [
                70,
                64
            ]
        ],
        [
            [
                974,
                846
            ],
            [
                39,
                50
            ]
        ],
        [
            [
                960,
                841
            ],
            [
                59,
                64
            ]
        ],
        [
            [
                958,
                864
            ],
            [
                65,
                38
            ]
        ],
        [
            [
                986,
                863
            ],
            [
                30,
                42
            ]
        ],
        [
            [
                980,
                856
            ],
            [
                43,
                50
            ]
        ],
        [
            [
                986,
                869
            ],
            [
                37,
                35
            ]
        ],
        [
            [
                989,
                860
            ],
            [
                32,
                51
            ]
        ],
        [
            [
                990,
                865
            ],
            [
                30,
                40
            ]
        ],
        [
            [
                997,
                848
            ],
            [
                26,
                62
            ]
        ],
        [
            [
                997,
                852
            ],
            [
                26,
                52
            ]
        ],
        [
            [
                998,
                850
            ],
            [
                25,
                62
            ]
        ],
        [
            [
                1000,
                861
            ],
            [
                23,
                52
            ]
        ],
        [
            [
                1000,
                858
            ],
            [
                23,
                54
            ]
        ],
        [
            [
                988,
                859
            ],
            [
                35,
                50
            ]
        ],
        [
            [
                1001,
                857
            ],
            [
                22,
                42
            ]
        ],
        [
            [
                1001,
                863
            ],
            [
                22,
                37
            ]
        ],
        [
            [
                1001,
                860
            ],
            [
                22,
                45
            ]
        ],
        [
            [
                1000,
                866
            ],
            [
                23,
                44
            ]
        ],
        [
            [
                1004,
                854
            ],
            [
                19,
                53
            ]
        ],
        [
            [
                1001,
                876
            ],
            [
                22,
                39
            ]
        ],
        [
            [
                997,
                851
            ],
            [
                26,
                58
            ]
        ],
        [
            [
                1001,
                849
            ],
            [
                22,
                60
            ]
        ],
        [
            [
                997,
                877
            ],
            [
                26,
                29
            ]
        ],
        [
            [
                1004,
                874
            ],
            [
                19,
                31
            ]
        ],
        [
            [
                1007,
                875
            ],
            [
                16,
                24
            ]
        ],
        [
            [
                1017,
                884
            ],
            [
                6,
                18
            ]
        ],
        [
            [
                1012,
                873
            ],
            [
                11,
                28
            ]
        ],
        [
            [
                1020,
                880
            ],
            [
                3,
                19
            ]
        ]
    ],
    "Particles_Max_Intensity": [
        [
            126
        ],
        [
            123
        ],
        [
            124
        ],
        [
            134
        ],
        null,
        null,
        null,
        null,
        null,
        [
            124
        ],
        [
            127
        ],
        [
            118
        ],
        null,
        [
            126
        ],
        [
            133
        ],
        [
            129
        ],
        [
            136
        ],
        null,
        null,
        null,
        [
            135
        ],
        [
            134
        ],
        null,
        [
            135
        ],
        [
            134
        ],
        [
            145
        ],
        [
            135
        ],
        [
            139
        ],
        [
            147
        ],
        [
            136
        ],
        null,
        [
            134
        ],
        [
            129
        ],
        [
            127
        ],
        [
            152
        ],
        [
            133
        ],
        [
            134
        ],
        [
            130
        ],
        [
            131
        ],
        [
            133
        ],
        [
            138
        ],
        [
            131
        ],
        [
            133
        ],
        [
            136
        ],
        [
            141
        ],
        [
            130
        ],
        [
            131
        ],
        [
            128
        ],
        [
            128
        ],
        [
            129
        ],
        [
            130
        ],
        [
            126
        ],
        [
            125
        ],
        [
            132
        ],
        [
            130
        ],
        [
            127
        ],
        [
            130
        ],
        [
            127
        ],
        [
            121
        ],
        [
            121
        ],
        [
            123
        ],
        [
            124
        ],
        [
            132
        ],
        [
            127
        ],
        [
            123
        ],
        [
            128
        ],
        [
            129
        ],
        [
            122
        ],
        [
            134
        ],
        [
            135
        ],
        [
            133
        ],
        [
            128
        ],
        [
            127
        ],
        [
            129
        ],
        [
            121
        ],
        [
            124
        ],
        [
            132
        ],
        [
            117
        ],
        [
            123
        ],
        [
            119
        ],
        [
            129
        ],
        [
            122
        ],
        [
            119
        ],
        [
            123
        ],
        [
            119
        ],
        [
            123
        ],
        [
            127
        ],
        [
            120
        ],
        [
            131
        ],
        [
            119
        ],
        [
            137
        ],
        [
            134
        ],
        [
            123
        ],
        [
            127
        ],
        [
            135
        ],
        [
            124
        ],
        [
            140
        ],
        [
            135
        ],
        [
            120
        ],
        [
            95
        ],
        [
            142
        ],
        [
            99
        ]
    ],
    "Track_ID": 1,
    "classification": "motile",
    "probability_motility": 0.7338945529278905
}
```

## `00002.json`

**경로:** `components/syn/fsw/cfs/owls/assets/asdp000000002/predict/00002.json`


```text
{
    "Times": [
        33,
        34,
        35,
        36,
        37,
        38,
        39,
        40,
        41,
        42,
        43,
        44,
        45,
        46,
        47,
        48,
        49,
        50,
        51,
        52,
        53,
        54,
        55
    ],
    "Particles_Position": [
        [
            118.8,
            155.8
        ],
        [
            107.3,
            174.6
        ],
        [
            114.7,
            164.2
        ],
        [
            125.5,
            141.4
        ],
        [
            122.4,
            149.6
        ],
        [
            129.6,
            132.5
        ],
        [
            132.9,
            126.2
        ],
        null,
        [
            137.0,
            117.9
        ],
        [
            140.2,
            110.2
        ],
        [
            148.8,
            92.7
        ],
        [
            145.0,
            101.4
        ],
        [
            152.8,
            85.0
        ],
        [
            159.6,
            68.2
        ],
        [
            157.0,
            77.1
        ],
        [
            163.9,
            59.1
        ],
        [
            167.1,
            51.2
        ],
        [
            173.5,
            42.6
        ],
        [
            176.6,
            33.0
        ],
        [
            180.5,
            24.6
        ],
        [
            185.9,
            14.5
        ],
        [
            189.4,
            6.1
        ],
        [
            191.7,
            1.3
        ]
    ],
    "Particles_Estimated_Position": [
        [
            118.8,
            155.8
        ],
        [
            107.3,
            174.6
        ],
        [
            114.7,
            164.2
        ],
        [
            125.5,
            141.4
        ],
        [
            122.4,
            149.6
        ],
        [
            129.6,
            132.5
        ],
        [
            132.9,
            126.2
        ],
        [
            134.95,
            122.05000000000001
        ],
        [
            137.0,
            117.9
        ],
        [
            140.2,
            110.2
        ],
        [
            148.8,
            92.7
        ],
        [
            145.0,
            101.4
        ],
        [
            152.8,
            85.0
        ],
        [
            159.6,
            68.2
        ],
        [
            157.0,
            77.1
        ],
        [
            163.9,
            59.1
        ],
        [
            167.1,
            51.2
        ],
        [
            173.5,
            42.6
        ],
        [
            176.6,
            33.0
        ],
        [
            180.5,
            24.6
        ],
        [
            185.9,
            14.5
        ],
        [
            189.4,
            6.1
        ],
        [
            191.7,
            1.3
        ]
    ],
    "Particles_Size": [
        53,
        31,
        33,
        70,
        79,
        85,
        103,
        null,
        101,
        107,
        107,
        81,
        103,
        86,
        86,
        105,
        94,
        104,
        128,
        110,
        100,
        118,
        34
    ],
    "Particles_Bbox": [
        [
            [
                103,
                148
            ],
            [
                27,
                16
            ]
        ],
        [
            [
                96,
                169
            ],
            [
                24,
                11
            ]
        ],
        [
            [
                103,
                157
            ],
            [
                24,
                15
            ]
        ],
        [
            [
                112,
                133
            ],
            [
                26,
                15
            ]
        ],
        [
            [
                110,
                141
            ],
            [
                22,
                16
            ]
        ],
        [
            [
                118,
                125
            ],
            [
                25,
                16
            ]
        ],
        [
            [
                121,
                118
            ],
            [
                25,
                16
            ]
        ],
        null,
        [
            [
                125,
                108
            ],
            [
                24,
                18
            ]
        ],
        [
            [
                126,
                102
            ],
            [
                26,
                16
            ]
        ],
        [
            [
                135,
                85
            ],
            [
                26,
                16
            ]
        ],
        [
            [
                133,
                94
            ],
            [
                24,
                15
            ]
        ],
        [
            [
                139,
                76
            ],
            [
                25,
                16
            ]
        ],
        [
            [
                149,
                59
            ],
            [
                21,
                16
            ]
        ],
        [
            [
                143,
                68
            ],
            [
                24,
                17
            ]
        ],
        [
            [
                150,
                50
            ],
            [
                30,
                17
            ]
        ],
        [
            [
                155,
                41
            ],
            [
                28,
                18
            ]
        ],
        [
            [
                159,
                33
            ],
            [
                29,
                18
            ]
        ],
        [
            [
                161,
                24
            ],
            [
                26,
                17
            ]
        ],
        [
            [
                165,
                16
            ],
            [
                27,
                16
            ]
        ],
        [
            [
                170,
                6
            ],
            [
                26,
                15
            ]
        ],
        [
            [
                174,
                0
            ],
            [
                27,
                13
            ]
        ],
        [
            [
                184,
                0
            ],
            [
                19,
                4
            ]
        ]
    ],
    "Particles_Max_Intensity": [
        [
            112
        ],
        [
            112
        ],
        [
            111
        ],
        [
            113
        ],
        [
            109
        ],
        [
            117
        ],
        [
            108
        ],
        null,
        [
            111
        ],
        [
            111
        ],
        [
            108
        ],
        [
            114
        ],
        [
            114
        ],
        [
            103
        ],
        [
            110
        ],
        [
            106
        ],
        [
            100
        ],
        [
            107
        ],
        [
            116
        ],
        [
            109
        ],
        [
            114
        ],
        [
            107
        ],
        [
            100
        ]
    ],
    "Track_ID": 2,
    "classification": "motile",
    "probability_motility": 0.5415765826945015
}
```

## `00003.json`

**경로:** `components/syn/fsw/cfs/owls/assets/asdp000000002/predict/00003.json`


```text
{
    "Times": [
        33,
        34,
        35,
        36,
        37,
        38,
        39,
        40,
        41,
        42,
        43,
        44,
        45,
        46,
        47
    ],
    "Particles_Position": [
        [
            443.3,
            66.1
        ],
        [
            433.7,
            79.3
        ],
        [
            439.8,
            74.1
        ],
        [
            448.4,
            54.7
        ],
        [
            445.4,
            60.5
        ],
        [
            451.0,
            47.5
        ],
        [
            454.5,
            40.9
        ],
        null,
        [
            458.4,
            35.7
        ],
        [
            462.6,
            29.6
        ],
        [
            469.0,
            15.7
        ],
        [
            465.3,
            21.8
        ],
        [
            472.4,
            10.0
        ],
        [
            481.2,
            2.0
        ],
        [
            477.1,
            5.5
        ]
    ],
    "Particles_Estimated_Position": [
        [
            443.3,
            66.1
        ],
        [
            433.7,
            79.3
        ],
        [
            439.8,
            74.1
        ],
        [
            448.4,
            54.7
        ],
        [
            445.4,
            60.5
        ],
        [
            451.0,
            47.5
        ],
        [
            454.5,
            40.9
        ],
        [
            456.45,
            38.3
        ],
        [
            458.4,
            35.7
        ],
        [
            462.6,
            29.6
        ],
        [
            469.0,
            15.7
        ],
        [
            465.3,
            21.8
        ],
        [
            472.4,
            10.0
        ],
        [
            481.2,
            2.0
        ],
        [
            477.1,
            5.5
        ]
    ],
    "Particles_Size": [
        146,
        94,
        93,
        176,
        203,
        171,
        240,
        null,
        218,
        222,
        260,
        212,
        200,
        46,
        160
    ],
    "Particles_Bbox": [
        [
            [
                429,
                52
            ],
            [
                27,
                25
            ]
        ],
        [
            [
                422,
                65
            ],
            [
                23,
                25
            ]
        ],
        [
            [
                426,
                58
            ],
            [
                27,
                26
            ]
        ],
        [
            [
                433,
                40
            ],
            [
                29,
                26
            ]
        ],
        [
            [
                429,
                43
            ],
            [
                30,
                31
            ]
        ],
        [
            [
                436,
                33
            ],
            [
                29,
                26
            ]
        ],
        [
            [
                437,
                26
            ],
            [
                33,
                27
            ]
        ],
        null,
        [
            [
                442,
                23
            ],
            [
                31,
                24
            ]
        ],
        [
            [
                446,
                16
            ],
            [
                30,
                25
            ]
        ],
        [
            [
                453,
                3
            ],
            [
                30,
                24
            ]
        ],
        [
            [
                449,
                9
            ],
            [
                31,
                24
            ]
        ],
        [
            [
                456,
                0
            ],
            [
                30,
                20
            ]
        ],
        [
            [
                468,
                0
            ],
            [
                23,
                5
            ]
        ],
        [
            [
                461,
                0
            ],
            [
                30,
                13
            ]
        ]
    ],
    "Particles_Max_Intensity": [
        [
            118
        ],
        [
            113
        ],
        [
            109
        ],
        [
            121
        ],
        [
            115
        ],
        [
            112
        ],
        [
            119
        ],
        null,
        [
            111
        ],
        [
            110
        ],
        [
            106
        ],
        [
            109
        ],
        [
            97
        ],
        [
            110
        ],
        [
            110
        ]
    ],
    "Track_ID": 3,
    "classification": "non-motile",
    "probability_motility": 0.46371774053953735
}
```

## `00004.json`

**경로:** `components/syn/fsw/cfs/owls/assets/asdp000000002/predict/00004.json`


```text
{
    "Times": [
        33,
        34,
        35,
        36,
        37,
        38,
        39,
        40,
        41,
        42
    ],
    "Particles_Position": [
        [
            908.8,
            9.5
        ],
        [
            906.9,
            20.7
        ],
        [
            909.8,
            13.0
        ],
        [
            905.2,
            5.5
        ],
        [
            906.4,
            7.0
        ],
        [
            909.3,
            4.6
        ],
        [
            915.0,
            8.2
        ],
        [
            928.0,
            8.8
        ],
        [
            919.8,
            4.4
        ],
        [
            930.0,
            4.5
        ]
    ],
    "Particles_Estimated_Position": [
        [
            908.8,
            9.5
        ],
        [
            906.9,
            20.7
        ],
        [
            909.8,
            13.0
        ],
        [
            905.2,
            5.5
        ],
        [
            906.4,
            7.0
        ],
        [
            909.3,
            4.6
        ],
        [
            915.0,
            8.2
        ],
        [
            928.0,
            8.8
        ],
        [
            919.8,
            4.4
        ],
        [
            930.0,
            4.5
        ]
    ],
    "Particles_Size": [
        355,
        520,
        507,
        195,
        247,
        183,
        209,
        13,
        122,
        72
    ],
    "Particles_Bbox": [
        [
            [
                875,
                0
            ],
            [
                49,
                19
            ]
        ],
        [
            [
                888,
                6
            ],
            [
                39,
                30
            ]
        ],
        [
            [
                890,
                0
            ],
            [
                46,
                37
            ]
        ],
        [
            [
                881,
                0
            ],
            [
                38,
                27
            ]
        ],
        [
            [
                893,
                0
            ],
            [
                28,
                23
            ]
        ],
        [
            [
                876,
                0
            ],
            [
                61,
                19
            ]
        ],
        [
            [
                888,
                0
            ],
            [
                46,
                60
            ]
        ],
        [
            [
                918,
                2
            ],
            [
                20,
                13
            ]
        ],
        [
            [
                900,
                0
            ],
            [
                37,
                17
            ]
        ],
        [
            [
                920,
                0
            ],
            [
                41,
                11
            ]
        ]
    ],
    "Particles_Max_Intensity": [
        [
            124
        ],
        [
            115
        ],
        [
            132
        ],
        [
            112
        ],
        [
            116
        ],
        [
            120
        ],
        [
            131
        ],
        [
            110
        ],
        [
            117
        ],
        [
            125
        ]
    ],
    "Track_ID": 4,
    "classification": "non-motile",
    "probability_motility": 0.4947121059501925
}
```

## `00005.json`

**경로:** `components/syn/fsw/cfs/owls/assets/asdp000000002/predict/00005.json`


```text
{
    "Times": [
        36,
        37,
        38,
        39,
        40,
        41,
        42,
        43,
        44,
        45,
        46,
        47,
        48,
        49,
        50,
        51,
        52,
        53,
        54,
        55,
        56,
        57,
        58,
        59,
        60,
        61,
        62,
        63,
        64,
        65,
        66,
        67,
        68,
        69
    ],
    "Particles_Position": [
        [
            898.1,
            295.4
        ],
        [
            895.5,
            299.5
        ],
        [
            904.2,
            288.6
        ],
        [
            907.0,
            284.0
        ],
        null,
        [
            910.0,
            280.9
        ],
        [
            913.6,
            276.1
        ],
        [
            920.8,
            267.5
        ],
        [
            917.5,
            272.6
        ],
        [
            924.4,
            261.7
        ],
        [
            932.4,
            253.3
        ],
        [
            929.2,
            257.2
        ],
        [
            937.1,
            247.3
        ],
        [
            941.6,
            240.9
        ],
        [
            946.4,
            237.0
        ],
        [
            949.4,
            233.2
        ],
        [
            954.2,
            227.4
        ],
        [
            956.5,
            223.5
        ],
        [
            960.9,
            217.1
        ],
        [
            964.9,
            210.6
        ],
        [
            969.0,
            205.6
        ],
        [
            969.9,
            203.0
        ],
        [
            975.3,
            196.8
        ],
        [
            981.2,
            191.9
        ],
        [
            985.9,
            182.2
        ],
        [
            990.7,
            179.2
        ],
        [
            996.8,
            170.2
        ],
        [
            1000.3,
            166.6
        ],
        [
            1003.2,
            161.8
        ],
        [
            1013.8,
            145.5
        ],
        [
            1006.2,
            155.7
        ],
        [
            1010.2,
            149.3
        ],
        [
            1015.9,
            140.6
        ],
        [
            1019.7,
            132.0
        ]
    ],
    "Particles_Estimated_Position": [
        [
            898.1,
            295.4
        ],
        [
            895.5,
            299.5
        ],
        [
            904.2,
            288.6
        ],
        [
            907.0,
            284.0
        ],
        [
            908.5,
            282.45
        ],
        [
            910.0,
            280.9
        ],
        [
            913.6,
            276.1
        ],
        [
            920.8,
            267.5
        ],
        [
            917.5,
            272.6
        ],
        [
            924.4,
            261.7
        ],
        [
            932.4,
            253.3
        ],
        [
            929.2,
            257.2
        ],
        [
            937.1,
            247.3
        ],
        [
            941.6,
            240.9
        ],
        [
            946.4,
            237.0
        ],
        [
            949.4,
            233.2
        ],
        [
            954.2,
            227.4
        ],
        [
            956.5,
            223.5
        ],
        [
            960.9,
            217.1
        ],
        [
            964.9,
            210.6
        ],
        [
            969.0,
            205.6
        ],
        [
            969.9,
            203.0
        ],
        [
            975.3,
            196.8
        ],
        [
            981.2,
            191.9
        ],
        [
            985.9,
            182.2
        ],
        [
            990.7,
            179.2
        ],
        [
            996.8,
            170.2
        ],
        [
            1000.3,
            166.6
        ],
        [
            1003.2,
            161.8
        ],
        [
            1013.8,
            145.5
        ],
        [
            1006.2,
            155.7
        ],
        [
            1010.2,
            149.3
        ],
        [
            1015.9,
            140.6
        ],
        [
            1019.7,
            132.0
        ]
    ],
    "Particles_Size": [
        17,
        8,
        17,
        22,
        null,
        32,
        14,
        35,
        21,
        16,
        15,
        25,
        24,
        27,
        30,
        30,
        28,
        22,
        16,
        27,
        11,
        32,
        13,
        32,
        12,
        23,
        33,
        32,
        41,
        26,
        56,
        61,
        14,
        21
    ],
    "Particles_Bbox": [
        [
            [
                895,
                283
            ],
            [
                11,
                18
            ]
        ],
        [
            [
                891,
                293
            ],
            [
                11,
                12
            ]
        ],
        [
            [
                898,
                281
            ],
            [
                12,
                15
            ]
        ],
        [
            [
                901,
                276
            ],
            [
                13,
                16
            ]
        ],
        null,
        [
            [
                903,
                272
            ],
            [
                14,
                17
            ]
        ],
        [
            [
                908,
                268
            ],
            [
                12,
                15
            ]
        ],
        [
            [
                915,
                258
            ],
            [
                13,
                16
            ]
        ],
        [
            [
                912,
                265
            ],
            [
                12,
                12
            ]
        ],
        [
            [
                920,
                253
            ],
            [
                12,
                16
            ]
        ],
        [
            [
                928,
                247
            ],
            [
                11,
                10
            ]
        ],
        [
            [
                924,
                249
            ],
            [
                13,
                16
            ]
        ],
        [
            [
                930,
                238
            ],
            [
                16,
                16
            ]
        ],
        [
            [
                936,
                233
            ],
            [
                11,
                16
            ]
        ],
        [
            [
                940,
                228
            ],
            [
                13,
                17
            ]
        ],
        [
            [
                944,
                223
            ],
            [
                15,
                17
            ]
        ],
        [
            [
                949,
                216
            ],
            [
                14,
                20
            ]
        ],
        [
            [
                952,
                212
            ],
            [
                10,
                18
            ]
        ],
        [
            [
                956,
                207
            ],
            [
                13,
                17
            ]
        ],
        [
            [
                960,
                201
            ],
            [
                12,
                18
            ]
        ],
        [
            [
                964,
                196
            ],
            [
                11,
                17
            ]
        ],
        [
            [
                963,
                191
            ],
            [
                20,
                20
            ]
        ],
        [
            [
                970,
                186
            ],
            [
                16,
                18
            ]
        ],
        [
            [
                974,
                180
            ],
            [
                17,
                19
            ]
        ],
        [
            [
                980,
                173
            ],
            [
                12,
                19
            ]
        ],
        [
            [
                983,
                168
            ],
            [
                17,
                19
            ]
        ],
        [
            [
                986,
                157
            ],
            [
                23,
                24
            ]
        ],
        [
            [
                990,
                158
            ],
            [
                18,
                18
            ]
        ],
        [
            [
                995,
                150
            ],
            [
                18,
                19
            ]
        ],
        [
            [
                1008,
                137
            ],
            [
                15,
                15
            ]
        ],
        [
            [
                997,
                145
            ],
            [
                21,
                21
            ]
        ],
        [
            [
                1003,
                138
            ],
            [
                19,
                25
            ]
        ],
        [
            [
                1013,
                134
            ],
            [
                8,
                10
            ]
        ],
        [
            [
                1016,
                120
            ],
            [
                7,
                18
            ]
        ]
    ],
    "Particles_Max_Intensity": [
        [
            107
        ],
        [
            97
        ],
        [
            103
        ],
        [
            107
        ],
        null,
        [
            111
        ],
        [
            102
        ],
        [
            107
        ],
        [
            98
        ],
        [
            96
        ],
        [
            89
        ],
        [
            97
        ],
        [
            95
        ],
        [
            94
        ],
        [
            102
        ],
        [
            94
        ],
        [
            102
        ],
        [
            90
        ],
        [
            92
        ],
        [
            98
        ],
        [
            102
        ],
        [
            97
        ],
        [
            109
        ],
        [
            103
        ],
        [
            112
        ],
        [
            107
        ],
        [
            111
        ],
        [
            100
        ],
        [
            108
        ],
        [
            101
        ],
        [
            100
        ],
        [
            101
        ],
        [
            112
        ],
        [
            88
        ]
    ],
    "Track_ID": 5,
    "classification": "non-motile",
    "probability_motility": 0.3056254019474065
}
```

## `00006.json`

**경로:** `components/syn/fsw/cfs/owls/assets/asdp000000002/predict/00006.json`


```text
{
    "Times": [
        37,
        38,
        39,
        40,
        41,
        42,
        43,
        44,
        45,
        46,
        47,
        48,
        49,
        50,
        51,
        52,
        53,
        54,
        55,
        56,
        57,
        58,
        59
    ],
    "Particles_Position": [
        [
            105.7,
            626.9
        ],
        [
            116.2,
            610.7
        ],
        [
            121.0,
            604.1
        ],
        null,
        [
            126.7,
            595.9
        ],
        [
            132.5,
            588.0
        ],
        [
            143.4,
            571.0
        ],
        [
            137.5,
            580.3
        ],
        [
            149.5,
            563.8
        ],
        [
            160.7,
            546.7
        ],
        [
            154.7,
            555.9
        ],
        [
            166.4,
            540.4
        ],
        [
            172.6,
            530.3
        ],
        [
            178.4,
            522.6
        ],
        [
            184.3,
            512.2
        ],
        [
            189.5,
            504.2
        ],
        [
            196.5,
            495.9
        ],
        [
            201.1,
            486.7
        ],
        [
            208.0,
            477.5
        ],
        [
            212.1,
            468.5
        ],
        [
            218.4,
            461.1
        ],
        [
            224.7,
            451.2
        ],
        [
            231.5,
            441.2
        ]
    ],
    "Particles_Estimated_Position": [
        [
            105.7,
            626.9
        ],
        [
            116.2,
            610.7
        ],
        [
            121.0,
            604.1
        ],
        [
            123.85,
            600.0
        ],
        [
            126.7,
            595.9
        ],
        [
            132.5,
            588.0
        ],
        [
            143.4,
            571.0
        ],
        [
            137.5,
            580.3
        ],
        [
            149.5,
            563.8
        ],
        [
            160.7,
            546.7
        ],
        [
            154.7,
            555.9
        ],
        [
            166.4,
            540.4
        ],
        [
            172.6,
            530.3
        ],
        [
            178.4,
            522.6
        ],
        [
            184.3,
            512.2
        ],
        [
            189.5,
            504.2
        ],
        [
            196.5,
            495.9
        ],
        [
            201.1,
            486.7
        ],
        [
            208.0,
            477.5
        ],
        [
            212.1,
            468.5
        ],
        [
            218.4,
            461.1
        ],
        [
            224.7,
            451.2
        ],
        [
            231.5,
            441.2
        ]
    ],
    "Particles_Size": [
        9,
        6,
        14,
        null,
        7,
        13,
        13,
        17,
        11,
        12,
        14,
        17,
        12,
        12,
        11,
        11,
        8,
        12,
        11,
        11,
        7,
        10,
        10
    ],
    "Particles_Bbox": [
        [
            [
                104,
                626
            ],
            [
                3,
                2
            ]
        ],
        [
            [
                115,
                608
            ],
            [
                2,
                4
            ]
        ],
        [
            [
                119,
                600
            ],
            [
                5,
                6
            ]
        ],
        null,
        [
            [
                126,
                593
            ],
            [
                2,
                5
            ]
        ],
        [
            [
                131,
                584
            ],
            [
                3,
                6
            ]
        ],
        [
            [
                142,
                560
            ],
            [
                3,
                14
            ]
        ],
        [
            [
                134,
                563
            ],
            [
                7,
                22
            ]
        ],
        [
            [
                148,
                562
            ],
            [
                3,
                3
            ]
        ],
        [
            [
                159,
                545
            ],
            [
                3,
                3
            ]
        ],
        [
            [
                153,
                554
            ],
            [
                3,
                4
            ]
        ],
        [
            [
                155,
                535
            ],
            [
                14,
                26
            ]
        ],
        [
            [
                170,
                526
            ],
            [
                12,
                13
            ]
        ],
        [
            [
                174,
                520
            ],
            [
                10,
                14
            ]
        ],
        [
            [
                182,
                510
            ],
            [
                6,
                4
            ]
        ],
        [
            [
                188,
                501
            ],
            [
                3,
                5
            ]
        ],
        [
            [
                195,
                492
            ],
            [
                5,
                12
            ]
        ],
        [
            [
                189,
                485
            ],
            [
                15,
                4
            ]
        ],
        [
            [
                206,
                474
            ],
            [
                4,
                5
            ]
        ],
        [
            [
                207,
                464
            ],
            [
                8,
                7
            ]
        ],
        [
            [
                217,
                460
            ],
            [
                3,
                2
            ]
        ],
        [
            [
                223,
                448
            ],
            [
                3,
                5
            ]
        ],
        [
            [
                230,
                438
            ],
            [
                3,
                5
            ]
        ]
    ],
    "Particles_Max_Intensity": [
        [
            85
        ],
        [
            88
        ],
        [
            97
        ],
        null,
        [
            108
        ],
        [
            92
        ],
        [
            108
        ],
        [
            111
        ],
        [
            95
        ],
        [
            89
        ],
        [
            80
        ],
        [
            99
        ],
        [
            100
        ],
        [
            94
        ],
        [
            92
        ],
        [
            98
        ],
        [
            106
        ],
        [
            105
        ],
        [
            109
        ],
        [
            104
        ],
        [
            69
        ],
        [
            98
        ],
        [
            84
        ]
    ],
    "Track_ID": 6,
    "classification": "non-motile",
    "probability_motility": 0.3270473127235887
}
```

## `00007.json`

**경로:** `components/syn/fsw/cfs/owls/assets/asdp000000002/predict/00007.json`


```text
{
    "Times": [
        38,
        39,
        40,
        41,
        42,
        43,
        44,
        45,
        46,
        47,
        48,
        49,
        50,
        51,
        52,
        53,
        54,
        55,
        56,
        57,
        58,
        59,
        60,
        61,
        62,
        63,
        64,
        65,
        66,
        67,
        68,
        69,
        70,
        71,
        72,
        73,
        74,
        75,
        76,
        77,
        78,
        79,
        80,
        81,
        82,
        83
    ],
    "Particles_Position": [
        [
            393.3,
            503.9
        ],
        [
            398.8,
            500.7
        ],
        null,
        [
            401.8,
            495.2
        ],
        [
            406.7,
            488.8
        ],
        [
            409.8,
            472.8
        ],
        [
            409.2,
            483.2
        ],
        [
            412.0,
            468.1
        ],
        [
            424.6,
            457.7
        ],
        [
            422.1,
            463.5
        ],
        [
            430.3,
            450.7
        ],
        [
            436.1,
            445.7
        ],
        [
            440.3,
            438.6
        ],
        [
            441.4,
            430.4
        ],
        [
            449.5,
            424.8
        ],
        [
            456.1,
            416.2
        ],
        [
            456.8,
            410.2
        ],
        [
            458.8,
            404.9
        ],
        [
            466.4,
            401.4
        ],
        [
            470.0,
            396.9
        ],
        [
            473.5,
            381.9
        ],
        [
            478.1,
            375.2
        ],
        [
            484.2,
            372.9
        ],
        [
            488.6,
            367.4
        ],
        [
            497.1,
            359.6
        ],
        [
            502.0,
            351.1
        ],
        [
            508.9,
            350.3
        ],
        [
            515.9,
            323.0
        ],
        [
            508.7,
            340.3
        ],
        [
            515.6,
            333.1
        ],
        [
            523.5,
            317.5
        ],
        [
            527.4,
            312.1
        ],
        [
            543.7,
            310.3
        ],
        [
            542.0,
            293.0
        ],
        [
            531.0,
            302.3
        ],
        [
            547.2,
            286.9
        ],
        [
            551.5,
            279.5
        ],
        [
            561.8,
            262.6
        ],
        [
            554.0,
            266.9
        ],
        [
            566.8,
            248.2
        ],
        [
            560.9,
            256.6
        ],
        [
            569.9,
            243.6
        ],
        [
            575.4,
            239.0
        ],
        [
            580.4,
            237.5
        ],
        [
            586.2,
            232.8
        ],
        [
            588.4,
            225.4
        ]
    ],
    "Particles_Estimated_Position": [
        [
            393.3,
            503.9
        ],
        [
            398.8,
            500.7
        ],
        [
            400.3,
            497.95
        ],
        [
            401.8,
            495.2
        ],
        [
            406.7,
            488.8
        ],
        [
            409.8,
            472.8
        ],
        [
            409.2,
            483.2
        ],
        [
            412.0,
            468.1
        ],
        [
            424.6,
            457.7
        ],
        [
            422.1,
            463.5
        ],
        [
            430.3,
            450.7
        ],
        [
            436.1,
            445.7
        ],
        [
            440.3,
            438.6
        ],
        [
            441.4,
            430.4
        ],
        [
            449.5,
            424.8
        ],
        [
            456.1,
            416.2
        ],
        [
            456.8,
            410.2
        ],
        [
            458.8,
            404.9
        ],
        [
            466.4,
            401.4
        ],
        [
            470.0,
            396.9
        ],
        [
            473.5,
            381.9
        ],
        [
            478.1,
            375.2
        ],
        [
            484.2,
            372.9
        ],
        [
            488.6,
            367.4
        ],
        [
            497.1,
            359.6
        ],
        [
            502.0,
            351.1
        ],
        [
            508.9,
            350.3
        ],
        [
            515.9,
            323.0
        ],
        [
            508.7,
            340.3
        ],
        [
            515.6,
            333.1
        ],
        [
            523.5,
            317.5
        ],
        [
            527.4,
            312.1
        ],
        [
            543.7,
            310.3
        ],
        [
            542.0,
            293.0
        ],
        [
            531.0,
            302.3
        ],
        [
            547.2,
            286.9
        ],
        [
            551.5,
            279.5
        ],
        [
            561.8,
            262.6
        ],
        [
            554.0,
            266.9
        ],
        [
            566.8,
            248.2
        ],
        [
            560.9,
            256.6
        ],
        [
            569.9,
            243.6
        ],
        [
            575.4,
            239.0
        ],
        [
            580.4,
            237.5
        ],
        [
            586.2,
            232.8
        ],
        [
            588.4,
            225.4
        ]
    ],
    "Particles_Size": [
        7,
        25,
        null,
        23,
        27,
        25,
        39,
        22,
        22,
        13,
        27,
        31,
        36,
        46,
        36,
        30,
        63,
        71,
        54,
        46,
        43,
        40,
        75,
        103,
        58,
        22,
        28,
        40,
        85,
        128,
        94,
        67,
        164,
        70,
        152,
        75,
        58,
        82,
        70,
        59,
        52,
        70,
        68,
        32,
        28,
        30
    ],
    "Particles_Bbox": [
        [
            [
                383,
                495
            ],
            [
                26,
                18
            ]
        ],
        [
            [
                394,
                494
            ],
            [
                18,
                20
            ]
        ],
        null,
        [
            [
                386,
                470
            ],
            [
                28,
                38
            ]
        ],
        [
            [
                395,
                472
            ],
            [
                23,
                28
            ]
        ],
        [
            [
                398,
                446
            ],
            [
                34,
                39
            ]
        ],
        [
            [
                399,
                463
            ],
            [
                27,
                42
            ]
        ],
        [
            [
                392,
                451
            ],
            [
                34,
                33
            ]
        ],
        [
            [
                409,
                440
            ],
            [
                31,
                31
            ]
        ],
        [
            [
                409,
                452
            ],
            [
                22,
                17
            ]
        ],
        [
            [
                419,
                439
            ],
            [
                23,
                26
            ]
        ],
        [
            [
                410,
                437
            ],
            [
                39,
                21
            ]
        ],
        [
            [
                421,
                421
            ],
            [
                33,
                33
            ]
        ],
        [
            [
                419,
                409
            ],
            [
                38,
                39
            ]
        ],
        [
            [
                425,
                402
            ],
            [
                38,
                39
            ]
        ],
        [
            [
                441,
                401
            ],
            [
                43,
                31
            ]
        ],
        [
            [
                433,
                381
            ],
            [
                48,
                49
            ]
        ],
        [
            [
                436,
                383
            ],
            [
                41,
                43
            ]
        ],
        [
            [
                447,
                381
            ],
            [
                38,
                46
            ]
        ],
        [
            [
                451,
                379
            ],
            [
                35,
                33
            ]
        ],
        [
            [
                453,
                355
            ],
            [
                44,
                49
            ]
        ],
        [
            [
                460,
                348
            ],
            [
                40,
                50
            ]
        ],
        [
            [
                455,
                348
            ],
            [
                58,
                44
            ]
        ],
        [
            [
                458,
                342
            ],
            [
                61,
                53
            ]
        ],
        [
            [
                480,
                328
            ],
            [
                45,
                55
            ]
        ],
        [
            [
                482,
                333
            ],
            [
                37,
                36
            ]
        ],
        [
            [
                488,
                329
            ],
            [
                37,
                44
            ]
        ],
        [
            [
                498,
                294
            ],
            [
                32,
                48
            ]
        ],
        [
            [
                480,
                309
            ],
            [
                56,
                64
            ]
        ],
        [
            [
                482,
                290
            ],
            [
                79,
                72
            ]
        ],
        [
            [
                506,
                286
            ],
            [
                41,
                58
            ]
        ],
        [
            [
                503,
                279
            ],
            [
                55,
                60
            ]
        ],
        [
            [
                512,
                263
            ],
            [
                81,
                109
            ]
        ],
        [
            [
                525,
                257
            ],
            [
                38,
                71
            ]
        ],
        [
            [
                511,
                268
            ],
            [
                52,
                64
            ]
        ],
        [
            [
                524,
                251
            ],
            [
                45,
                69
            ]
        ],
        [
            [
                528,
                250
            ],
            [
                38,
                54
            ]
        ],
        [
            [
                540,
                229
            ],
            [
                43,
                67
            ]
        ],
        [
            [
                531,
                235
            ],
            [
                41,
                58
            ]
        ],
        [
            [
                549,
                225
            ],
            [
                41,
                51
            ]
        ],
        [
            [
                542,
                218
            ],
            [
                30,
                66
            ]
        ],
        [
            [
                546,
                218
            ],
            [
                42,
                57
            ]
        ],
        [
            [
                563,
                219
            ],
            [
                27,
                37
            ]
        ],
        [
            [
                564,
                214
            ],
            [
                32,
                50
            ]
        ],
        [
            [
                571,
                208
            ],
            [
                28,
                36
            ]
        ],
        [
            [
                576,
                203
            ],
            [
                36,
                46
            ]
        ]
    ],
    "Particles_Max_Intensity": [
        [
            100
        ],
        [
            115
        ],
        null,
        [
            116
        ],
        [
            116
        ],
        [
            112
        ],
        [
            109
        ],
        [
            113
        ],
        [
            108
        ],
        [
            109
        ],
        [
            102
        ],
        [
            103
        ],
        [
            117
        ],
        [
            115
        ],
        [
            110
        ],
        [
            117
        ],
        [
            115
        ],
        [
            118
        ],
        [
            121
        ],
        [
            120
        ],
        [
            122
        ],
        [
            127
        ],
        [
            129
        ],
        [
            134
        ],
        [
            123
        ],
        [
            122
        ],
        [
            119
        ],
        [
            124
        ],
        [
            122
        ],
        [
            121
        ],
        [
            122
        ],
        [
            121
        ],
        [
            125
        ],
        [
            117
        ],
        [
            123
        ],
        [
            124
        ],
        [
            120
        ],
        [
            119
        ],
        [
            128
        ],
        [
            126
        ],
        [
            123
        ],
        [
            126
        ],
        [
            120
        ],
        [
            131
        ],
        [
            129
        ],
        [
            124
        ]
    ],
    "Track_ID": 7,
    "classification": "non-motile",
    "probability_motility": 0.3920846426341268
}
```

## `00008.json`

**경로:** `components/syn/fsw/cfs/owls/assets/asdp000000002/predict/00008.json`


```text
{
    "Times": [
        41,
        42,
        43,
        44,
        45,
        46,
        47,
        48,
        49,
        50,
        51,
        52,
        53
    ],
    "Particles_Position": [
        [
            533.1,
            357.0
        ],
        [
            533.2,
            356.7
        ],
        [
            532.1,
            345.8
        ],
        [
            536.6,
            355.8
        ],
        [
            540.9,
            347.0
        ],
        [
            551.7,
            340.9
        ],
        [
            542.4,
            341.7
        ],
        [
            558.2,
            332.8
        ],
        [
            549.0,
            323.3
        ],
        [
            553.7,
            317.0
        ],
        [
            558.9,
            318.1
        ],
        [
            565.8,
            309.3
        ],
        [
            558.5,
            319.2
        ]
    ],
    "Particles_Estimated_Position": [
        [
            533.1,
            357.0
        ],
        [
            533.2,
            356.7
        ],
        [
            532.1,
            345.8
        ],
        [
            536.6,
            355.8
        ],
        [
            540.9,
            347.0
        ],
        [
            551.7,
            340.9
        ],
        [
            542.4,
            341.7
        ],
        [
            558.2,
            332.8
        ],
        [
            549.0,
            323.3
        ],
        [
            553.7,
            317.0
        ],
        [
            558.9,
            318.1
        ],
        [
            565.8,
            309.3
        ],
        [
            558.5,
            319.2
        ]
    ],
    "Particles_Size": [
        14,
        25,
        54,
        15,
        23,
        14,
        23,
        61,
        47,
        44,
        52,
        33,
        10
    ],
    "Particles_Bbox": [
        [
            [
                514,
                343
            ],
            [
                48,
                24
            ]
        ],
        [
            [
                512,
                334
            ],
            [
                54,
                42
            ]
        ],
        [
            [
                505,
                306
            ],
            [
                51,
                70
            ]
        ],
        [
            [
                525,
                347
            ],
            [
                34,
                18
            ]
        ],
        [
            [
                527,
                333
            ],
            [
                33,
                35
            ]
        ],
        [
            [
                541,
                328
            ],
            [
                31,
                31
            ]
        ],
        [
            [
                518,
                329
            ],
            [
                46,
                32
            ]
        ],
        [
            [
                532,
                304
            ],
            [
                53,
                60
            ]
        ],
        [
            [
                510,
                299
            ],
            [
                75,
                52
            ]
        ],
        [
            [
                515,
                289
            ],
            [
                64,
                56
            ]
        ],
        [
            [
                524,
                290
            ],
            [
                59,
                58
            ]
        ],
        [
            [
                552,
                283
            ],
            [
                42,
                50
            ]
        ],
        [
            [
                551,
                304
            ],
            [
                15,
                32
            ]
        ]
    ],
    "Particles_Max_Intensity": [
        [
            112
        ],
        [
            118
        ],
        [
            119
        ],
        [
            114
        ],
        [
            117
        ],
        [
            117
        ],
        [
            118
        ],
        [
            122
        ],
        [
            123
        ],
        [
            118
        ],
        [
            115
        ],
        [
            114
        ],
        [
            119
        ]
    ],
    "Track_ID": 8,
    "classification": "non-motile",
    "probability_motility": 0.3329842344086748
}
```

## `00009.json`

**경로:** `components/syn/fsw/cfs/owls/assets/asdp000000002/predict/00009.json`


```text
{
    "Times": [
        41,
        42,
        43,
        44,
        45,
        46,
        47,
        48,
        49,
        50,
        51,
        52,
        53,
        54,
        55,
        56,
        57,
        58,
        59,
        60,
        61,
        62,
        63,
        64,
        65,
        66,
        67,
        68,
        69,
        70,
        71,
        72,
        73,
        74,
        75,
        76,
        77,
        78,
        79,
        80,
        81,
        82,
        83
    ],
    "Particles_Position": [
        [
            757.9,
            403.4
        ],
        [
            761.7,
            398.7
        ],
        [
            770.5,
            387.7
        ],
        [
            766.3,
            392.7
        ],
        [
            774.5,
            382.1
        ],
        [
            783.2,
            372.2
        ],
        [
            779.3,
            377.4
        ],
        [
            787.4,
            366.0
        ],
        [
            791.2,
            361.3
        ],
        [
            796.3,
            356.1
        ],
        [
            801.1,
            349.9
        ],
        [
            804.7,
            344.6
        ],
        [
            808.9,
            339.3
        ],
        [
            814.6,
            333.2
        ],
        [
            818.0,
            327.7
        ],
        [
            823.0,
            322.5
        ],
        [
            825.8,
            317.0
        ],
        null,
        null,
        null,
        [
            841.4,
            290.0
        ],
        [
            850.2,
            286.1
        ],
        [
            854.8,
            280.2
        ],
        [
            859.4,
            274.6
        ],
        [
            876.4,
            255.0
        ],
        [
            863.6,
            267.7
        ],
        [
            869.8,
            261.5
        ],
        [
            880.4,
            248.0
        ],
        [
            884.6,
            240.2
        ],
        [
            895.3,
            226.5
        ],
        [
            898.6,
            221.3
        ],
        [
            889.7,
            234.3
        ],
        [
            903.7,
            215.3
        ],
        [
            969.8,
            143.6
        ],
        [
            916.8,
            197.0
        ],
        [
            913.5,
            203.2
        ],
        [
            984.9,
            121.6
        ],
        [
            921.4,
            192.5
        ],
        [
            927.4,
            180.7
        ],
        [
            931.1,
            174.5
        ],
        [
            935.5,
            169.5
        ],
        [
            938.8,
            163.8
        ],
        [
            943.0,
            158.6
        ]
    ],
    "Particles_Estimated_Position": [
        [
            757.9,
            403.4
        ],
        [
            761.7,
            398.7
        ],
        [
            770.5,
            387.7
        ],
        [
            766.3,
            392.7
        ],
        [
            774.5,
            382.1
        ],
        [
            783.2,
            372.2
        ],
        [
            779.3,
            377.4
        ],
        [
            787.4,
            366.0
        ],
        [
            791.2,
            361.3
        ],
        [
            796.3,
            356.1
        ],
        [
            801.1,
            349.9
        ],
        [
            804.7,
            344.6
        ],
        [
            808.9,
            339.3
        ],
        [
            814.6,
            333.2
        ],
        [
            818.0,
            327.7
        ],
        [
            823.0,
            322.5
        ],
        [
            825.8,
            317.0
        ],
        [
            829.6999999999999,
            310.25
        ],
        [
            833.5999999999999,
            303.5
        ],
        [
            837.5,
            296.75
        ],
        [
            841.4,
            290.0
        ],
        [
            850.2,
            286.1
        ],
        [
            854.8,
            280.2
        ],
        [
            859.4,
            274.6
        ],
        [
            876.4,
            255.0
        ],
        [
            863.6,
            267.7
        ],
        [
            869.8,
            261.5
        ],
        [
            880.4,
            248.0
        ],
        [
            884.6,
            240.2
        ],
        [
            895.3,
            226.5
        ],
        [
            898.6,
            221.3
        ],
        [
            889.7,
            234.3
        ],
        [
            903.7,
            215.3
        ],
        [
            969.8,
            143.6
        ],
        [
            916.8,
            197.0
        ],
        [
            913.5,
            203.2
        ],
        [
            984.9,
            121.6
        ],
        [
            921.4,
            192.5
        ],
        [
            927.4,
            180.7
        ],
        [
            931.1,
            174.5
        ],
        [
            935.5,
            169.5
        ],
        [
            938.8,
            163.8
        ],
        [
            943.0,
            158.6
        ]
    ],
    "Particles_Size": [
        17,
        7,
        11,
        7,
        11,
        9,
        7,
        14,
        13,
        15,
        15,
        18,
        15,
        14,
        9,
        17,
        15,
        null,
        null,
        null,
        9,
        13,
        18,
        16,
        17,
        22,
        13,
        12,
        17,
        13,
        14,
        18,
        12,
        14,
        15,
        13,
        14,
        12,
        7,
        10,
        10,
        8,
        11
    ],
    "Particles_Bbox": [
        [
            [
                755,
                401
            ],
            [
                6,
                5
            ]
        ],
        [
            [
                760,
                397
            ],
            [
                3,
                4
            ]
        ],
        [
            [
                769,
                386
            ],
            [
                4,
                4
            ]
        ],
        [
            [
                765,
                391
            ],
            [
                3,
                3
            ]
        ],
        [
            [
                773,
                380
            ],
            [
                3,
                4
            ]
        ],
        [
            [
                782,
                370
            ],
            [
                3,
                4
            ]
        ],
        [
            [
                778,
                376
            ],
            [
                3,
                3
            ]
        ],
        [
            [
                784,
                364
            ],
            [
                9,
                4
            ]
        ],
        [
            [
                789,
                359
            ],
            [
                5,
                5
            ]
        ],
        [
            [
                794,
                354
            ],
            [
                4,
                4
            ]
        ],
        [
            [
                798,
                348
            ],
            [
                8,
                4
            ]
        ],
        [
            [
                801,
                341
            ],
            [
                10,
                6
            ]
        ],
        [
            [
                807,
                337
            ],
            [
                4,
                4
            ]
        ],
        [
            [
                812,
                331
            ],
            [
                8,
                4
            ]
        ],
        [
            [
                816,
                326
            ],
            [
                4,
                3
            ]
        ],
        [
            [
                820,
                320
            ],
            [
                8,
                4
            ]
        ],
        [
            [
                823,
                313
            ],
            [
                5,
                7
            ]
        ],
        null,
        null,
        null,
        [
            [
                834,
                283
            ],
            [
                12,
                11
            ]
        ],
        [
            [
                847,
                281
            ],
            [
                8,
                7
            ]
        ],
        [
            [
                851,
                278
            ],
            [
                6,
                5
            ]
        ],
        [
            [
                854,
                270
            ],
            [
                8,
                7
            ]
        ],
        [
            [
                873,
                244
            ],
            [
                15,
                15
            ]
        ],
        [
            [
                860,
                264
            ],
            [
                7,
                7
            ]
        ],
        [
            [
                866,
                257
            ],
            [
                9,
                6
            ]
        ],
        [
            [
                879,
                246
            ],
            [
                3,
                4
            ]
        ],
        [
            [
                881,
                236
            ],
            [
                6,
                8
            ]
        ],
        [
            [
                890,
                217
            ],
            [
                19,
                12
            ]
        ],
        [
            [
                895,
                218
            ],
            [
                6,
                6
            ]
        ],
        [
            [
                885,
                231
            ],
            [
                10,
                6
            ]
        ],
        [
            [
                902,
                213
            ],
            [
                3,
                4
            ]
        ],
        [
            [
                967,
                141
            ],
            [
                8,
                6
            ]
        ],
        [
            [
                913,
                194
            ],
            [
                10,
                6
            ]
        ],
        [
            [
                909,
                200
            ],
            [
                8,
                6
            ]
        ],
        [
            [
                982,
                119
            ],
            [
                8,
                5
            ]
        ],
        [
            [
                919,
                190
            ],
            [
                6,
                6
            ]
        ],
        [
            [
                926,
                179
            ],
            [
                3,
                3
            ]
        ],
        [
            [
                928,
                171
            ],
            [
                5,
                6
            ]
        ],
        [
            [
                934,
                168
            ],
            [
                3,
                3
            ]
        ],
        [
            [
                937,
                162
            ],
            [
                3,
                3
            ]
        ],
        [
            [
                941,
                156
            ],
            [
                5,
                6
            ]
        ]
    ],
    "Particles_Max_Intensity": [
        [
            75
        ],
        [
            62
        ],
        [
            79
        ],
        [
            79
        ],
        [
            80
        ],
        [
            87
        ],
        [
            88
        ],
        [
            108
        ],
        [
            92
        ],
        [
            89
        ],
        [
            105
        ],
        [
            105
        ],
        [
            95
        ],
        [
            98
        ],
        [
            68
        ],
        [
            93
        ],
        [
            87
        ],
        null,
        null,
        null,
        [
            91
        ],
        [
            100
        ],
        [
            99
        ],
        [
            106
        ],
        [
            101
        ],
        [
            114
        ],
        [
            112
        ],
        [
            77
        ],
        [
            107
        ],
        [
            96
        ],
        [
            89
        ],
        [
            107
        ],
        [
            73
        ],
        [
            107
        ],
        [
            104
        ],
        [
            96
        ],
        [
            103
        ],
        [
            103
        ],
        [
            98
        ],
        [
            98
        ],
        [
            83
        ],
        [
            76
        ],
        [
            93
        ]
    ],
    "Track_ID": 9,
    "classification": "motile",
    "probability_motility": 0.5071163826457414
}
```

## `00010.json`

**경로:** `components/syn/fsw/cfs/owls/assets/asdp000000002/predict/00010.json`


```text
{
    "Times": [
        43,
        44,
        45,
        46,
        47,
        48,
        49,
        50,
        51,
        52,
        53,
        54,
        55,
        56,
        57
    ],
    "Particles_Position": [
        [
            473.8,
            100.9
        ],
        [
            468.9,
            108.5
        ],
        [
            478.2,
            92.5
        ],
        [
            485.3,
            77.9
        ],
        [
            481.8,
            85.8
        ],
        [
            492.5,
            70.7
        ],
        [
            495.9,
            63.5
        ],
        [
            499.9,
            56.5
        ],
        [
            505.8,
            49.1
        ],
        [
            508.3,
            41.4
        ],
        [
            512.4,
            33.8
        ],
        [
            516.8,
            25.0
        ],
        [
            520.6,
            17.9
        ],
        [
            524.4,
            10.5
        ],
        [
            528.2,
            3.2
        ]
    ],
    "Particles_Estimated_Position": [
        [
            473.8,
            100.9
        ],
        [
            468.9,
            108.5
        ],
        [
            478.2,
            92.5
        ],
        [
            485.3,
            77.9
        ],
        [
            481.8,
            85.8
        ],
        [
            492.5,
            70.7
        ],
        [
            495.9,
            63.5
        ],
        [
            499.9,
            56.5
        ],
        [
            505.8,
            49.1
        ],
        [
            508.3,
            41.4
        ],
        [
            512.4,
            33.8
        ],
        [
            516.8,
            25.0
        ],
        [
            520.6,
            17.9
        ],
        [
            524.4,
            10.5
        ],
        [
            528.2,
            3.2
        ]
    ],
    "Particles_Size": [
        11,
        8,
        8,
        17,
        13,
        13,
        13,
        14,
        14,
        18,
        15,
        12,
        14,
        13,
        12
    ],
    "Particles_Bbox": [
        [
            [
                471,
                100
            ],
            [
                6,
                2
            ]
        ],
        [
            [
                467,
                107
            ],
            [
                5,
                3
            ]
        ],
        [
            [
                477,
                89
            ],
            [
                3,
                5
            ]
        ],
        [
            [
                481,
                75
            ],
            [
                9,
                4
            ]
        ],
        [
            [
                477,
                84
            ],
            [
                8,
                3
            ]
        ],
        [
            [
                490,
                68
            ],
            [
                4,
                4
            ]
        ],
        [
            [
                493,
                61
            ],
            [
                5,
                4
            ]
        ],
        [
            [
                496,
                54
            ],
            [
                7,
                4
            ]
        ],
        [
            [
                501,
                48
            ],
            [
                10,
                2
            ]
        ],
        [
            [
                503,
                40
            ],
            [
                8,
                3
            ]
        ],
        [
            [
                508,
                32
            ],
            [
                7,
                3
            ]
        ],
        [
            [
                515,
                24
            ],
            [
                4,
                2
            ]
        ],
        [
            [
                516,
                17
            ],
            [
                7,
                2
            ]
        ],
        [
            [
                520,
                9
            ],
            [
                9,
                3
            ]
        ],
        [
            [
                524,
                2
            ],
            [
                7,
                3
            ]
        ]
    ],
    "Particles_Max_Intensity": [
        [
            84
        ],
        [
            72
        ],
        [
            98
        ],
        [
            103
        ],
        [
            98
        ],
        [
            90
        ],
        [
            118
        ],
        [
            105
        ],
        [
            96
        ],
        [
            108
        ],
        [
            108
        ],
        [
            85
        ],
        [
            110
        ],
        [
            88
        ],
        [
            108
        ]
    ],
    "Track_ID": 10,
    "classification": "non-motile",
    "probability_motility": 0.4511072464636925
}
```

## `00011.json`

**경로:** `components/syn/fsw/cfs/owls/assets/asdp000000002/predict/00011.json`


```text
{
    "Times": [
        46,
        47,
        48,
        49,
        50,
        51,
        52,
        53,
        54,
        55,
        56,
        57,
        58,
        59
    ],
    "Particles_Position": [
        [
            228.9,
            689.7
        ],
        [
            222.7,
            698.5
        ],
        [
            232.9,
            682.7
        ],
        [
            239.9,
            676.1
        ],
        [
            245.5,
            667.6
        ],
        [
            250.6,
            659.3
        ],
        [
            257.1,
            652.7
        ],
        [
            263.9,
            642.5
        ],
        [
            271.0,
            634.5
        ],
        null,
        [
            281.6,
            619.1
        ],
        [
            288.6,
            611.2
        ],
        [
            294.9,
            603.2
        ],
        [
            317.2,
            611.2
        ]
    ],
    "Particles_Estimated_Position": [
        [
            228.9,
            689.7
        ],
        [
            222.7,
            698.5
        ],
        [
            232.9,
            682.7
        ],
        [
            239.9,
            676.1
        ],
        [
            245.5,
            667.6
        ],
        [
            250.6,
            659.3
        ],
        [
            257.1,
            652.7
        ],
        [
            263.9,
            642.5
        ],
        [
            271.0,
            634.5
        ],
        [
            276.3,
            626.8
        ],
        [
            281.6,
            619.1
        ],
        [
            288.6,
            611.2
        ],
        [
            294.9,
            603.2
        ],
        [
            317.2,
            611.2
        ]
    ],
    "Particles_Size": [
        7,
        11,
        15,
        11,
        12,
        20,
        14,
        11,
        12,
        null,
        16,
        16,
        15,
        8
    ],
    "Particles_Bbox": [
        [
            [
                227,
                688
            ],
            [
                3,
                3
            ]
        ],
        [
            [
                219,
                695
            ],
            [
                9,
                6
            ]
        ],
        [
            [
                229,
                680
            ],
            [
                7,
                5
            ]
        ],
        [
            [
                235,
                673
            ],
            [
                7,
                5
            ]
        ],
        [
            [
                243,
                666
            ],
            [
                5,
                3
            ]
        ],
        [
            [
                235,
                654
            ],
            [
                19,
                8
            ]
        ],
        [
            [
                254,
                650
            ],
            [
                6,
                5
            ]
        ],
        [
            [
                260,
                640
            ],
            [
                6,
                5
            ]
        ],
        [
            [
                268,
                633
            ],
            [
                5,
                3
            ]
        ],
        null,
        [
            [
                278,
                617
            ],
            [
                6,
                5
            ]
        ],
        [
            [
                286,
                609
            ],
            [
                4,
                5
            ]
        ],
        [
            [
                292,
                601
            ],
            [
                5,
                6
            ]
        ],
        [
            [
                314,
                609
            ],
            [
                6,
                4
            ]
        ]
    ],
    "Particles_Max_Intensity": [
        [
            79
        ],
        [
            90
        ],
        [
            98
        ],
        [
            87
        ],
        [
            81
        ],
        [
            109
        ],
        [
            100
        ],
        [
            95
        ],
        [
            77
        ],
        null,
        [
            82
        ],
        [
            77
        ],
        [
            89
        ],
        [
            92
        ]
    ],
    "Track_ID": 11,
    "classification": "non-motile",
    "probability_motility": 0.4299278120429404
}
```

## `00012.json`

**경로:** `components/syn/fsw/cfs/owls/assets/asdp000000002/predict/00012.json`


```text
{
    "Times": [
        48,
        49,
        50,
        51,
        52,
        53,
        54,
        55,
        56,
        57,
        58,
        59,
        60,
        61,
        62,
        63,
        64,
        65,
        66,
        67
    ],
    "Particles_Position": [
        [
            67.3,
            347.3
        ],
        [
            83.0,
            352.2
        ],
        [
            85.4,
            352.9
        ],
        [
            110.9,
            337.1
        ],
        [
            93.0,
            334.4
        ],
        null,
        null,
        [
            87.4,
            340.8
        ],
        [
            81.2,
            327.5
        ],
        [
            88.3,
            329.7
        ],
        null,
        null,
        null,
        null,
        null,
        null,
        null,
        null,
        [
            88.8,
            334.5
        ],
        [
            103.4,
            348.2
        ]
    ],
    "Particles_Estimated_Position": [
        [
            67.3,
            347.3
        ],
        [
            83.0,
            352.2
        ],
        [
            85.4,
            352.9
        ],
        [
            110.9,
            337.1
        ],
        [
            93.0,
            334.4
        ],
        [
            91.13333333333334,
            336.5333333333333
        ],
        [
            89.26666666666667,
            338.6666666666667
        ],
        [
            87.4,
            340.8
        ],
        [
            81.2,
            327.5
        ],
        [
            88.3,
            329.7
        ],
        [
            88.35555555555555,
            330.23333333333335
        ],
        [
            88.41111111111111,
            330.76666666666665
        ],
        [
            88.46666666666667,
            331.3
        ],
        [
            88.52222222222223,
            331.8333333333333
        ],
        [
            88.57777777777777,
            332.3666666666667
        ],
        [
            88.63333333333333,
            332.9
        ],
        [
            88.68888888888888,
            333.43333333333334
        ],
        [
            88.74444444444444,
            333.96666666666664
        ],
        [
            88.8,
            334.5
        ],
        [
            103.4,
            348.2
        ]
    ],
    "Particles_Size": [
        21,
        40,
        34,
        57,
        19,
        null,
        null,
        16,
        42,
        33,
        null,
        null,
        null,
        null,
        null,
        null,
        null,
        null,
        26,
        26
    ],
    "Particles_Bbox": [
        [
            [
                45,
                339
            ],
            [
                36,
                27
            ]
        ],
        [
            [
                45,
                328
            ],
            [
                79,
                49
            ]
        ],
        [
            [
                54,
                327
            ],
            [
                58,
                48
            ]
        ],
        [
            [
                55,
                308
            ],
            [
                108,
                60
            ]
        ],
        [
            [
                63,
                312
            ],
            [
                46,
                43
            ]
        ],
        null,
        null,
        [
            [
                66,
                324
            ],
            [
                40,
                31
            ]
        ],
        [
            [
                49,
                290
            ],
            [
                71,
                72
            ]
        ],
        [
            [
                54,
                296
            ],
            [
                69,
                66
            ]
        ],
        null,
        null,
        null,
        null,
        null,
        null,
        null,
        null,
        [
            [
                55,
                311
            ],
            [
                57,
                44
            ]
        ],
        [
            [
                71,
                326
            ],
            [
                58,
                56
            ]
        ]
    ],
    "Particles_Max_Intensity": [
        [
            110
        ],
        [
            121
        ],
        [
            120
        ],
        [
            129
        ],
        [
            125
        ],
        null,
        null,
        [
            127
        ],
        [
            124
        ],
        [
            118
        ],
        null,
        null,
        null,
        null,
        null,
        null,
        null,
        null,
        [
            118
        ],
        [
            132
        ]
    ],
    "Track_ID": 12,
    "classification": "non-motile",
    "probability_motility": 0.49535066342409306
}
```

## `00013.json`

**경로:** `components/syn/fsw/cfs/owls/assets/asdp000000002/predict/00013.json`


```text
{
    "Times": [
        48,
        49,
        50,
        51,
        52,
        53,
        54,
        55,
        56,
        57,
        58,
        59,
        60,
        61,
        62,
        63,
        64,
        65,
        66,
        67,
        68,
        69,
        70,
        71,
        72,
        73,
        74,
        75,
        76,
        77,
        78
    ],
    "Particles_Position": [
        [
            546.2,
            653.0
        ],
        [
            550.7,
            647.6
        ],
        [
            558.3,
            642.9
        ],
        [
            564.9,
            632.1
        ],
        [
            569.1,
            628.8
        ],
        [
            574.5,
            622.4
        ],
        [
            578.4,
            618.5
        ],
        null,
        [
            590.1,
            600.1
        ],
        [
            594.1,
            598.4
        ],
        [
            597.7,
            593.8
        ],
        [
            603.8,
            588.6
        ],
        null,
        [
            608.0,
            570.7
        ],
        [
            620.9,
            567.4
        ],
        [
            626.8,
            558.5
        ],
        [
            630.9,
            552.9
        ],
        [
            648.2,
            532.9
        ],
        [
            634.1,
            549.8
        ],
        [
            639.4,
            535.5
        ],
        [
            659.6,
            523.0
        ],
        [
            663.4,
            517.5
        ],
        [
            674.2,
            503.5
        ],
        [
            681.4,
            495.9
        ],
        [
            670.2,
            507.5
        ],
        [
            684.4,
            491.5
        ],
        [
            689.4,
            483.8
        ],
        [
            697.6,
            471.6
        ],
        [
            693.2,
            477.9
        ],
        [
            705.1,
            459.5
        ],
        [
            702.5,
            466.1
        ]
    ],
    "Particles_Estimated_Position": [
        [
            546.2,
            653.0
        ],
        [
            550.7,
            647.6
        ],
        [
            558.3,
            642.9
        ],
        [
            564.9,
            632.1
        ],
        [
            569.1,
            628.8
        ],
        [
            574.5,
            622.4
        ],
        [
            578.4,
            618.5
        ],
        [
            584.25,
            609.3
        ],
        [
            590.1,
            600.1
        ],
        [
            594.1,
            598.4
        ],
        [
            597.7,
            593.8
        ],
        [
            603.8,
            588.6
        ],
        [
            605.9,
            579.6500000000001
        ],
        [
            608.0,
            570.7
        ],
        [
            620.9,
            567.4
        ],
        [
            626.8,
            558.5
        ],
        [
            630.9,
            552.9
        ],
        [
            648.2,
            532.9
        ],
        [
            634.1,
            549.8
        ],
        [
            639.4,
            535.5
        ],
        [
            659.6,
            523.0
        ],
        [
            663.4,
            517.5
        ],
        [
            674.2,
            503.5
        ],
        [
            681.4,
            495.9
        ],
        [
            670.2,
            507.5
        ],
        [
            684.4,
            491.5
        ],
        [
            689.4,
            483.8
        ],
        [
            697.6,
            471.6
        ],
        [
            693.2,
            477.9
        ],
        [
            705.1,
            459.5
        ],
        [
            702.5,
            466.1
        ]
    ],
    "Particles_Size": [
        8,
        20,
        11,
        24,
        19,
        11,
        11,
        null,
        15,
        17,
        11,
        11,
        null,
        10,
        11,
        14,
        9,
        33,
        16,
        24,
        25,
        20,
        57,
        17,
        31,
        11,
        27,
        32,
        27,
        12,
        26
    ],
    "Particles_Bbox": [
        [
            [
                538,
                649
            ],
            [
                16,
                8
            ]
        ],
        [
            [
                536,
                636
            ],
            [
                33,
                21
            ]
        ],
        [
            [
                549,
                634
            ],
            [
                21,
                14
            ]
        ],
        [
            [
                550,
                623
            ],
            [
                29,
                20
            ]
        ],
        [
            [
                556,
                617
            ],
            [
                24,
                22
            ]
        ],
        [
            [
                560,
                616
            ],
            [
                25,
                16
            ]
        ],
        [
            [
                570,
                608
            ],
            [
                20,
                16
            ]
        ],
        null,
        [
            [
                579,
                594
            ],
            [
                20,
                20
            ]
        ],
        [
            [
                584,
                592
            ],
            [
                22,
                16
            ]
        ],
        [
            [
                585,
                583
            ],
            [
                27,
                19
            ]
        ],
        [
            [
                595,
                576
            ],
            [
                17,
                20
            ]
        ],
        null,
        [
            [
                603,
                557
            ],
            [
                12,
                20
            ]
        ],
        [
            [
                609,
                556
            ],
            [
                23,
                16
            ]
        ],
        [
            [
                615,
                548
            ],
            [
                23,
                22
            ]
        ],
        [
            [
                620,
                544
            ],
            [
                26,
                18
            ]
        ],
        [
            [
                626,
                523
            ],
            [
                36,
                17
            ]
        ],
        [
            [
                625,
                535
            ],
            [
                20,
                27
            ]
        ],
        [
            [
                615,
                527
            ],
            [
                44,
                22
            ]
        ],
        [
            [
                643,
                516
            ],
            [
                24,
                13
            ]
        ],
        [
            [
                652,
                511
            ],
            [
                23,
                15
            ]
        ],
        [
            [
                653,
                492
            ],
            [
                36,
                21
            ]
        ],
        [
            [
                669,
                487
            ],
            [
                20,
                22
            ]
        ],
        [
            [
                658,
                500
            ],
            [
                21,
                16
            ]
        ],
        [
            [
                675,
                487
            ],
            [
                20,
                9
            ]
        ],
        [
            [
                666,
                473
            ],
            [
                34,
                17
            ]
        ],
        [
            [
                681,
                463
            ],
            [
                29,
                15
            ]
        ],
        [
            [
                682,
                468
            ],
            [
                24,
                16
            ]
        ],
        [
            [
                700,
                458
            ],
            [
                19,
                4
            ]
        ],
        [
            [
                695,
                461
            ],
            [
                20,
                10
            ]
        ]
    ],
    "Particles_Max_Intensity": [
        [
            108
        ],
        [
            111
        ],
        [
            107
        ],
        [
            107
        ],
        [
            107
        ],
        [
            103
        ],
        [
            102
        ],
        null,
        [
            102
        ],
        [
            97
        ],
        [
            93
        ],
        [
            92
        ],
        null,
        [
            104
        ],
        [
            102
        ],
        [
            104
        ],
        [
            108
        ],
        [
            110
        ],
        [
            101
        ],
        [
            105
        ],
        [
            115
        ],
        [
            109
        ],
        [
            100
        ],
        [
            96
        ],
        [
            97
        ],
        [
            97
        ],
        [
            107
        ],
        [
            105
        ],
        [
            105
        ],
        [
            89
        ],
        [
            98
        ]
    ],
    "Track_ID": 13,
    "classification": "non-motile",
    "probability_motility": 0.36925718324286816
}
```

## `00014.json`

**경로:** `components/syn/fsw/cfs/owls/assets/asdp000000002/predict/00014.json`


```text
{
    "Times": [
        52,
        53,
        54,
        55,
        56,
        57,
        58,
        59,
        60,
        61,
        62,
        63,
        64,
        65,
        66,
        67
    ],
    "Particles_Position": [
        [
            123.1,
            290.9
        ],
        [
            129.8,
            304.1
        ],
        [
            156.0,
            304.6
        ],
        [
            143.4,
            312.2
        ],
        [
            134.5,
            298.8
        ],
        [
            145.5,
            307.8
        ],
        null,
        null,
        null,
        [
            156.8,
            307.9
        ],
        [
            128.1,
            298.5
        ],
        [
            114.7,
            278.7
        ],
        [
            128.6,
            292.9
        ],
        [
            135.2,
            292.0
        ],
        [
            139.1,
            305.2
        ],
        [
            135.6,
            288.5
        ]
    ],
    "Particles_Estimated_Position": [
        [
            123.1,
            290.9
        ],
        [
            129.8,
            304.1
        ],
        [
            156.0,
            304.6
        ],
        [
            143.4,
            312.2
        ],
        [
            134.5,
            298.8
        ],
        [
            145.5,
            307.8
        ],
        [
            148.325,
            307.825
        ],
        [
            151.15,
            307.85
        ],
        [
            153.97500000000002,
            307.875
        ],
        [
            156.8,
            307.9
        ],
        [
            128.1,
            298.5
        ],
        [
            114.7,
            278.7
        ],
        [
            128.6,
            292.9
        ],
        [
            135.2,
            292.0
        ],
        [
            139.1,
            305.2
        ],
        [
            135.6,
            288.5
        ]
    ],
    "Particles_Size": [
        9,
        20,
        9,
        13,
        63,
        34,
        null,
        null,
        null,
        8,
        32,
        38,
        66,
        11,
        112,
        108
    ],
    "Particles_Bbox": [
        [
            [
                111,
                282
            ],
            [
                21,
                20
            ]
        ],
        [
            [
                107,
                285
            ],
            [
                40,
                33
            ]
        ],
        [
            [
                142,
                292
            ],
            [
                23,
                21
            ]
        ],
        [
            [
                129,
                300
            ],
            [
                27,
                22
            ]
        ],
        [
            [
                85,
                262
            ],
            [
                81,
                78
            ]
        ],
        [
            [
                118,
                287
            ],
            [
                51,
                31
            ]
        ],
        null,
        null,
        null,
        [
            [
                149,
                300
            ],
            [
                18,
                22
            ]
        ],
        [
            [
                87,
                277
            ],
            [
                80,
                35
            ]
        ],
        [
            [
                81,
                249
            ],
            [
                70,
                49
            ]
        ],
        [
            [
                87,
                249
            ],
            [
                79,
                95
            ]
        ],
        [
            [
                128,
                272
            ],
            [
                16,
                37
            ]
        ],
        [
            [
                93,
                260
            ],
            [
                79,
                87
            ]
        ],
        [
            [
                86,
                236
            ],
            [
                86,
                112
            ]
        ]
    ],
    "Particles_Max_Intensity": [
        [
            111
        ],
        [
            122
        ],
        [
            110
        ],
        [
            109
        ],
        [
            129
        ],
        [
            111
        ],
        null,
        null,
        null,
        [
            107
        ],
        [
            118
        ],
        [
            122
        ],
        [
            129
        ],
        [
            107
        ],
        [
            128
        ],
        [
            132
        ]
    ],
    "Track_ID": 14,
    "classification": "non-motile",
    "probability_motility": 0.44256788521775814
}
```

## `00015.json`

**경로:** `components/syn/fsw/cfs/owls/assets/asdp000000002/predict/00015.json`


```text
{
    "Times": [
        54,
        55,
        56,
        57,
        58,
        59,
        60,
        61,
        62,
        63,
        64,
        65,
        66,
        67,
        68
    ],
    "Particles_Position": [
        [
            569.1,
            287.9
        ],
        [
            573.2,
            275.2
        ],
        [
            572.2,
            274.2
        ],
        [
            584.2,
            274.2
        ],
        [
            587.3,
            266.3
        ],
        [
            598.9,
            258.0
        ],
        [
            590.7,
            250.7
        ],
        [
            597.9,
            250.0
        ],
        [
            591.2,
            239.8
        ],
        [
            600.8,
            231.1
        ],
        [
            616.0,
            235.7
        ],
        null,
        [
            613.3,
            229.2
        ],
        [
            617.9,
            219.8
        ],
        [
            619.3,
            221.3
        ]
    ],
    "Particles_Estimated_Position": [
        [
            569.1,
            287.9
        ],
        [
            573.2,
            275.2
        ],
        [
            572.2,
            274.2
        ],
        [
            584.2,
            274.2
        ],
        [
            587.3,
            266.3
        ],
        [
            598.9,
            258.0
        ],
        [
            590.7,
            250.7
        ],
        [
            597.9,
            250.0
        ],
        [
            591.2,
            239.8
        ],
        [
            600.8,
            231.1
        ],
        [
            616.0,
            235.7
        ],
        [
            614.65,
            232.45
        ],
        [
            613.3,
            229.2
        ],
        [
            617.9,
            219.8
        ],
        [
            619.3,
            221.3
        ]
    ],
    "Particles_Size": [
        24,
        13,
        24,
        26,
        29,
        19,
        32,
        45,
        20,
        34,
        20,
        null,
        96,
        70,
        14
    ],
    "Particles_Bbox": [
        [
            [
                535,
                270
            ],
            [
                67,
                37
            ]
        ],
        [
            [
                560,
                253
            ],
            [
                25,
                41
            ]
        ],
        [
            [
                544,
                260
            ],
            [
                64,
                36
            ]
        ],
        [
            [
                565,
                247
            ],
            [
                43,
                43
            ]
        ],
        [
            [
                564,
                235
            ],
            [
                44,
                58
            ]
        ],
        [
            [
                577,
                244
            ],
            [
                41,
                28
            ]
        ],
        [
            [
                559,
                230
            ],
            [
                63,
                44
            ]
        ],
        [
            [
                567,
                223
            ],
            [
                75,
                54
            ]
        ],
        [
            [
                573,
                222
            ],
            [
                37,
                41
            ]
        ],
        [
            [
                570,
                213
            ],
            [
                50,
                44
            ]
        ],
        [
            [
                598,
                212
            ],
            [
                34,
                45
            ]
        ],
        null,
        [
            [
                581,
                180
            ],
            [
                67,
                102
            ]
        ],
        [
            [
                593,
                190
            ],
            [
                56,
                61
            ]
        ],
        [
            [
                607,
                203
            ],
            [
                28,
                38
            ]
        ]
    ],
    "Particles_Max_Intensity": [
        [
            120
        ],
        [
            122
        ],
        [
            127
        ],
        [
            127
        ],
        [
            128
        ],
        [
            123
        ],
        [
            134
        ],
        [
            128
        ],
        [
            121
        ],
        [
            126
        ],
        [
            123
        ],
        null,
        [
            138
        ],
        [
            133
        ],
        [
            117
        ]
    ],
    "Track_ID": 15,
    "classification": "non-motile",
    "probability_motility": 0.29637569551330273
}
```

## `00016.json`

**경로:** `components/syn/fsw/cfs/owls/assets/asdp000000002/predict/00016.json`


```text
{
    "Times": [
        65,
        66,
        67,
        68,
        69,
        70,
        71,
        72,
        73,
        74,
        75,
        76,
        77,
        78,
        79,
        80,
        81,
        82,
        83,
        84,
        85,
        86,
        87,
        88,
        89,
        90,
        91,
        92,
        93,
        94,
        95,
        96,
        97,
        98,
        99,
        100,
        101,
        102,
        103,
        104
    ],
    "Particles_Position": [
        [
            353.2,
            525.5
        ],
        [
            340.7,
            543.1
        ],
        [
            347.5,
            534.6
        ],
        [
            362.1,
            514.6
        ],
        [
            368.6,
            504.8
        ],
        [
            382.3,
            484.3
        ],
        [
            387.4,
            478.6
        ],
        [
            374.7,
            496.1
        ],
        [
            393.9,
            469.9
        ],
        [
            400.8,
            459.3
        ],
        [
            411.8,
            443.4
        ],
        [
            350.1,
            522.8
        ],
        [
            368.3,
            501.3
        ],
        [
            366.6,
            507.8
        ],
        [
            427.2,
            418.1
        ],
        [
            432.7,
            411.2
        ],
        [
            385.2,
            478.8
        ],
        [
            443.9,
            398.4
        ],
        [
            398.5,
            464.8
        ],
        [
            466.8,
            366.7
        ],
        [
            455.4,
            383.0
        ],
        [
            461.1,
            375.0
        ],
        [
            471.8,
            358.2
        ],
        [
            477.4,
            350.9
        ],
        null,
        null,
        [
            492.0,
            327.5
        ],
        [
            497.8,
            319.0
        ],
        [
            504.0,
            309.7
        ],
        [
            509.8,
            301.9
        ],
        [
            527.0,
            277.1
        ],
        [
            522.1,
            285.1
        ],
        [
            516.0,
            293.0
        ],
        [
            531.8,
            269.5
        ],
        [
            536.3,
            262.3
        ],
        [
            542.0,
            254.7
        ],
        [
            550.8,
            240.0
        ],
        [
            545.8,
            247.3
        ],
        [
            556.3,
            233.3
        ],
        [
            567.3,
            217.0
        ]
    ],
    "Particles_Estimated_Position": [
        [
            353.2,
            525.5
        ],
        [
            340.7,
            543.1
        ],
        [
            347.5,
            534.6
        ],
        [
            362.1,
            514.6
        ],
        [
            368.6,
            504.8
        ],
        [
            382.3,
            484.3
        ],
        [
            387.4,
            478.6
        ],
        [
            374.7,
            496.1
        ],
        [
            393.9,
            469.9
        ],
        [
            400.8,
            459.3
        ],
        [
            411.8,
            443.4
        ],
        [
            350.1,
            522.8
        ],
        [
            368.3,
            501.3
        ],
        [
            366.6,
            507.8
        ],
        [
            427.2,
            418.1
        ],
        [
            432.7,
            411.2
        ],
        [
            385.2,
            478.8
        ],
        [
            443.9,
            398.4
        ],
        [
            398.5,
            464.8
        ],
        [
            466.8,
            366.7
        ],
        [
            455.4,
            383.0
        ],
        [
            461.1,
            375.0
        ],
        [
            471.8,
            358.2
        ],
        [
            477.4,
            350.9
        ],
        [
            482.26666666666665,
            343.09999999999997
        ],
        [
            487.1333333333333,
            335.3
        ],
        [
            492.0,
            327.5
        ],
        [
            497.8,
            319.0
        ],
        [
            504.0,
            309.7
        ],
        [
            509.8,
            301.9
        ],
        [
            527.0,
            277.1
        ],
        [
            522.1,
            285.1
        ],
        [
            516.0,
            293.0
        ],
        [
            531.8,
            269.5
        ],
        [
            536.3,
            262.3
        ],
        [
            542.0,
            254.7
        ],
        [
            550.8,
            240.0
        ],
        [
            545.8,
            247.3
        ],
        [
            556.3,
            233.3
        ],
        [
            567.3,
            217.0
        ]
    ],
    "Particles_Size": [
        11,
        12,
        16,
        15,
        17,
        27,
        14,
        21,
        20,
        17,
        17,
        15,
        19,
        23,
        25,
        18,
        12,
        14,
        24,
        9,
        12,
        10,
        5,
        8,
        null,
        null,
        8,
        5,
        7,
        8,
        7,
        8,
        6,
        6,
        7,
        7,
        4,
        6,
        6,
        7
    ],
    "Particles_Bbox": [
        [
            [
                350,
                524
            ],
            [
                6,
                4
            ]
        ],
        [
            [
                339,
                542
            ],
            [
                4,
                3
            ]
        ],
        [
            [
                344,
                533
            ],
            [
                6,
                5
            ]
        ],
        [
            [
                360,
                513
            ],
            [
                4,
                3
            ]
        ],
        [
            [
                365,
                501
            ],
            [
                6,
                6
            ]
        ],
        [
            [
                377,
                465
            ],
            [
                20,
                24
            ]
        ],
        [
            [
                384,
                475
            ],
            [
                6,
                6
            ]
        ],
        [
            [
                371,
                494
            ],
            [
                7,
                4
            ]
        ],
        [
            [
                390,
                467
            ],
            [
                7,
                5
            ]
        ],
        [
            [
                396,
                447
            ],
            [
                15,
                15
            ]
        ],
        [
            [
                405,
                430
            ],
            [
                10,
                17
            ]
        ],
        [
            [
                343,
                519
            ],
            [
                17,
                10
            ]
        ],
        [
            [
                362,
                494
            ],
            [
                15,
                15
            ]
        ],
        [
            [
                360,
                496
            ],
            [
                11,
                18
            ]
        ],
        [
            [
                418,
                395
            ],
            [
                15,
                30
            ]
        ],
        [
            [
                427,
                399
            ],
            [
                9,
                16
            ]
        ],
        [
            [
                378,
                473
            ],
            [
                13,
                12
            ]
        ],
        [
            [
                440,
                397
            ],
            [
                6,
                3
            ]
        ],
        [
            [
                389,
                458
            ],
            [
                16,
                12
            ]
        ],
        [
            [
                465,
                365
            ],
            [
                3,
                3
            ]
        ],
        [
            [
                453,
                382
            ],
            [
                4,
                2
            ]
        ],
        [
            [
                459,
                374
            ],
            [
                4,
                2
            ]
        ],
        [
            [
                471,
                357
            ],
            [
                2,
                2
            ]
        ],
        [
            [
                476,
                349
            ],
            [
                3,
                3
            ]
        ],
        null,
        null,
        [
            [
                491,
                326
            ],
            [
                2,
                3
            ]
        ],
        [
            [
                497,
                318
            ],
            [
                2,
                2
            ]
        ],
        [
            [
                503,
                309
            ],
            [
                2,
                2
            ]
        ],
        [
            [
                508,
                301
            ],
            [
                3,
                2
            ]
        ],
        [
            [
                526,
                276
            ],
            [
                2,
                2
            ]
        ],
        [
            [
                521,
                284
            ],
            [
                2,
                2
            ]
        ],
        [
            [
                515,
                292
            ],
            [
                2,
                2
            ]
        ],
        [
            [
                531,
                268
            ],
            [
                2,
                3
            ]
        ],
        [
            [
                535,
                261
            ],
            [
                2,
                3
            ]
        ],
        [
            [
                541,
                253
            ],
            [
                2,
                3
            ]
        ],
        [
            [
                548,
                238
            ],
            [
                4,
                3
            ]
        ],
        [
            [
                543,
                246
            ],
            [
                5,
                3
            ]
        ],
        [
            [
                555,
                232
            ],
            [
                2,
                2
            ]
        ],
        [
            [
                566,
                215
            ],
            [
                2,
                4
            ]
        ]
    ],
    "Particles_Max_Intensity": [
        [
            89
        ],
        [
            65
        ],
        [
            86
        ],
        [
            82
        ],
        [
            115
        ],
        [
            120
        ],
        [
            115
        ],
        [
            121
        ],
        [
            115
        ],
        [
            102
        ],
        [
            107
        ],
        [
            101
        ],
        [
            120
        ],
        [
            128
        ],
        [
            116
        ],
        [
            95
        ],
        [
            118
        ],
        [
            106
        ],
        [
            115
        ],
        [
            85
        ],
        [
            92
        ],
        [
            86
        ],
        [
            81
        ],
        [
            94
        ],
        null,
        null,
        [
            64
        ],
        [
            75
        ],
        [
            79
        ],
        [
            100
        ],
        [
            70
        ],
        [
            67
        ],
        [
            75
        ],
        [
            63
        ],
        [
            61
        ],
        [
            79
        ],
        [
            106
        ],
        [
            137
        ],
        [
            73
        ],
        [
            88
        ]
    ],
    "Track_ID": 16,
    "classification": "non-motile",
    "probability_motility": 0.46451401564914596
}
```

## `00017.json`

**경로:** `components/syn/fsw/cfs/owls/assets/asdp000000002/predict/00017.json`


```text
{
    "Times": [
        77,
        78,
        79,
        80,
        81,
        82,
        83,
        84,
        85,
        86,
        87,
        88,
        89,
        90,
        91,
        92,
        93,
        94,
        95,
        96,
        97,
        98,
        99,
        100,
        101,
        102,
        103,
        104,
        105,
        106,
        107,
        108,
        109,
        110,
        111,
        112,
        113,
        114,
        115,
        116,
        117,
        118,
        119,
        120,
        121,
        122,
        123,
        124,
        125,
        126,
        127,
        128,
        129,
        130,
        131,
        132,
        133,
        134,
        135,
        136,
        137,
        138,
        139,
        140,
        141,
        142,
        143,
        144,
        145,
        146,
        147,
        148,
        149,
        150,
        151,
        152,
        153,
        154,
        155,
        156,
        157,
        158,
        159,
        160,
        161,
        162,
        163,
        164,
        165,
        166,
        167,
        168,
        169,
        170,
        171,
        172,
        173,
        174,
        175,
        176,
        177,
        178,
        179,
        180,
        181,
        182,
        183,
        184,
        185,
        186,
        187,
        188,
        189,
        190,
        191,
        192
    ],
    "Particles_Position": [
        [
            449.1,
            1019.0
        ],
        [
            447.7,
            1018.6
        ],
        [
            458.6,
            1018.2
        ],
        [
            467.0,
            1017.0
        ],
        [
            477.7,
            1017.2
        ],
        [
            485.3,
            1016.2
        ],
        [
            488.8,
            1015.0
        ],
        [
            517.0,
            1012.4
        ],
        [
            496.4,
            1014.2
        ],
        [
            510.4,
            1012.2
        ],
        [
            526.2,
            1010.1
        ],
        [
            538.1,
            1006.2
        ],
        [
            548.1,
            1005.1
        ],
        [
            553.5,
            1000.6
        ],
        [
            564.7,
            993.1
        ],
        [
            575.4,
            988.6
        ],
        [
            582.2,
            983.5
        ],
        [
            590.7,
            977.1
        ],
        [
            618.8,
            957.1
        ],
        [
            610.3,
            964.3
        ],
        [
            599.2,
            971.3
        ],
        [
            624.0,
            950.8
        ],
        [
            632.7,
            946.2
        ],
        [
            605.1,
            986.2
        ],
        [
            609.9,
            980.3
        ],
        [
            648.3,
            937.2
        ],
        [
            659.7,
            933.6
        ],
        [
            625.9,
            970.2
        ],
        [
            675.8,
            939.3
        ],
        [
            665.7,
            932.4
        ],
        [
            674.3,
            936.7
        ],
        [
            680.0,
            938.5
        ],
        [
            672.1,
            932.2
        ],
        [
            674.3,
            934.4
        ],
        [
            672.4,
            929.0
        ],
        [
            672.1,
            925.6
        ],
        [
            669.9,
            920.7
        ],
        [
            671.5,
            925.4
        ],
        [
            671.9,
            917.2
        ],
        [
            672.7,
            914.8
        ],
        [
            670.3,
            914.5
        ],
        [
            671.7,
            911.0
        ],
        [
            666.1,
            905.8
        ],
        [
            659.8,
            889.0
        ],
        [
            667.9,
            895.5
        ],
        [
            665.1,
            898.9
        ],
        [
            660.9,
            885.4
        ],
        [
            664.4,
            878.1
        ],
        [
            663.9,
            882.6
        ],
        [
            661.7,
            872.2
        ],
        [
            657.3,
            862.2
        ],
        [
            656.3,
            859.4
        ],
        [
            653.4,
            854.4
        ],
        [
            658.0,
            849.3
        ],
        [
            653.8,
            830.2
        ],
        [
            653.2,
            840.5
        ],
        [
            656.8,
            836.4
        ],
        [
            655.4,
            827.8
        ],
        [
            654.9,
            820.5
        ],
        [
            651.0,
            817.2
        ],
        [
            648.4,
            809.7
        ],
        [
            644.2,
            803.3
        ],
        [
            650.0,
            806.9
        ],
        [
            641.8,
            797.8
        ],
        [
            646.7,
            805.2
        ],
        [
            640.8,
            797.1
        ],
        [
            641.1,
            794.8
        ],
        [
            640.2,
            796.3
        ],
        [
            638.3,
            794.8
        ],
        [
            635.8,
            792.4
        ],
        [
            634.5,
            792.0
        ],
        [
            629.9,
            797.6
        ],
        [
            634.8,
            794.5
        ],
        [
            632.3,
            796.8
        ],
        [
            628.6,
            792.6
        ],
        [
            628.6,
            791.1
        ],
        [
            630.6,
            793.4
        ],
        [
            626.6,
            793.5
        ],
        [
            623.8,
            794.7
        ],
        [
            623.1,
            795.0
        ],
        [
            623.1,
            795.8
        ],
        [
            623.6,
            795.9
        ],
        [
            621.1,
            797.6
        ],
        [
            623.0,
            797.3
        ],
        [
            625.0,
            798.5
        ],
        [
            625.6,
            800.8
        ],
        [
            628.5,
            802.6
        ],
        [
            631.9,
            805.0
        ],
        [
            640.6,
            811.9
        ],
        [
            633.8,
            804.4
        ],
        [
            647.1,
            812.5
        ],
        [
            654.3,
            813.2
        ],
        [
            644.2,
            813.0
        ],
        [
            656.9,
            819.4
        ],
        [
            656.1,
            818.9
        ],
        [
            650.8,
            821.2
        ],
        [
            646.7,
            816.5
        ],
        [
            644.7,
            809.7
        ],
        [
            643.5,
            805.1
        ],
        [
            643.6,
            798.3
        ],
        [
            648.0,
            786.9
        ],
        [
            644.4,
            791.1
        ],
        [
            649.6,
            784.4
        ],
        [
            652.4,
            779.5
        ],
        [
            654.9,
            776.3
        ],
        [
            655.1,
            775.5
        ],
        [
            655.4,
            773.6
        ],
        [
            655.0,
            771.8
        ],
        [
            653.9,
            768.8
        ],
        [
            653.6,
            766.0
        ],
        [
            653.1,
            762.2
        ],
        [
            651.9,
            755.9
        ],
        [
            649.7,
            731.5
        ],
        [
            649.0,
            740.6
        ],
        [
            652.9,
            720.3
        ],
        [
            648.2,
            746.8
        ]
    ],
    "Particles_Estimated_Position": [
        [
            449.1,
            1019.0
        ],
        [
            447.7,
            1018.6
        ],
        [
            458.6,
            1018.2
        ],
        [
            467.0,
            1017.0
        ],
        [
            477.7,
            1017.2
        ],
        [
            485.3,
            1016.2
        ],
        [
            488.8,
            1015.0
        ],
        [
            517.0,
            1012.4
        ],
        [
            496.4,
            1014.2
        ],
        [
            510.4,
            1012.2
        ],
        [
            526.2,
            1010.1
        ],
        [
            538.1,
            1006.2
        ],
        [
            548.1,
            1005.1
        ],
        [
            553.5,
            1000.6
        ],
        [
            564.7,
            993.1
        ],
        [
            575.4,
            988.6
        ],
        [
            582.2,
            983.5
        ],
        [
            590.7,
            977.1
        ],
        [
            618.8,
            957.1
        ],
        [
            610.3,
            964.3
        ],
        [
            599.2,
            971.3
        ],
        [
            624.0,
            950.8
        ],
        [
            632.7,
            946.2
        ],
        [
            605.1,
            986.2
        ],
        [
            609.9,
            980.3
        ],
        [
            648.3,
            937.2
        ],
        [
            659.7,
            933.6
        ],
        [
            625.9,
            970.2
        ],
        [
            675.8,
            939.3
        ],
        [
            665.7,
            932.4
        ],
        [
            674.3,
            936.7
        ],
        [
            680.0,
            938.5
        ],
        [
            672.1,
            932.2
        ],
        [
            674.3,
            934.4
        ],
        [
            672.4,
            929.0
        ],
        [
            672.1,
            925.6
        ],
        [
            669.9,
            920.7
        ],
        [
            671.5,
            925.4
        ],
        [
            671.9,
            917.2
        ],
        [
            672.7,
            914.8
        ],
        [
            670.3,
            914.5
        ],
        [
            671.7,
            911.0
        ],
        [
            666.1,
            905.8
        ],
        [
            659.8,
            889.0
        ],
        [
            667.9,
            895.5
        ],
        [
            665.1,
            898.9
        ],
        [
            660.9,
            885.4
        ],
        [
            664.4,
            878.1
        ],
        [
            663.9,
            882.6
        ],
        [
            661.7,
            872.2
        ],
        [
            657.3,
            862.2
        ],
        [
            656.3,
            859.4
        ],
        [
            653.4,
            854.4
        ],
        [
            658.0,
            849.3
        ],
        [
            653.8,
            830.2
        ],
        [
            653.2,
            840.5
        ],
        [
            656.8,
            836.4
        ],
        [
            655.4,
            827.8
        ],
        [
            654.9,
            820.5
        ],
        [
            651.0,
            817.2
        ],
        [
            648.4,
            809.7
        ],
        [
            644.2,
            803.3
        ],
        [
            650.0,
            806.9
        ],
        [
            641.8,
            797.8
        ],
        [
            646.7,
            805.2
        ],
        [
            640.8,
            797.1
        ],
        [
            641.1,
            794.8
        ],
        [
            640.2,
            796.3
        ],
        [
            638.3,
            794.8
        ],
        [
            635.8,
            792.4
        ],
        [
            634.5,
            792.0
        ],
        [
            629.9,
            797.6
        ],
        [
            634.8,
            794.5
        ],
        [
            632.3,
            796.8
        ],
        [
            628.6,
            792.6
        ],
        [
            628.6,
            791.1
        ],
        [
            630.6,
            793.4
        ],
        [
            626.6,
            793.5
        ],
        [
            623.8,
            794.7
        ],
        [
            623.1,
            795.0
        ],
        [
            623.1,
            795.8
        ],
        [
            623.6,
            795.9
        ],
        [
            621.1,
            797.6
        ],
        [
            623.0,
            797.3
        ],
        [
            625.0,
            798.5
        ],
        [
            625.6,
            800.8
        ],
        [
            628.5,
            802.6
        ],
        [
            631.9,
            805.0
        ],
        [
            640.6,
            811.9
        ],
        [
            633.8,
            804.4
        ],
        [
            647.1,
            812.5
        ],
        [
            654.3,
            813.2
        ],
        [
            644.2,
            813.0
        ],
        [
            656.9,
            819.4
        ],
        [
            656.1,
            818.9
        ],
        [
            650.8,
            821.2
        ],
        [
            646.7,
            816.5
        ],
        [
            644.7,
            809.7
        ],
        [
            643.5,
            805.1
        ],
        [
            643.6,
            798.3
        ],
        [
            648.0,
            786.9
        ],
        [
            644.4,
            791.1
        ],
        [
            649.6,
            784.4
        ],
        [
            652.4,
            779.5
        ],
        [
            654.9,
            776.3
        ],
        [
            655.1,
            775.5
        ],
        [
            655.4,
            773.6
        ],
        [
            655.0,
            771.8
        ],
        [
            653.9,
            768.8
        ],
        [
            653.6,
            766.0
        ],
        [
            653.1,
            762.2
        ],
        [
            651.9,
            755.9
        ],
        [
            649.7,
            731.5
        ],
        [
            649.0,
            740.6
        ],
        [
            652.9,
            720.3
        ],
        [
            648.2,
            746.8
        ]
    ],
    "Particles_Size": [
        55,
        18,
        164,
        215,
        303,
        367,
        482,
        720,
        606,
        698,
        752,
        809,
        764,
        799,
        811,
        883,
        869,
        937,
        862,
        921,
        923,
        965,
        922,
        23,
        55,
        899,
        792,
        43,
        865,
        838,
        909,
        819,
        986,
        942,
        1096,
        1004,
        1072,
        1133,
        1029,
        1105,
        976,
        1037,
        911,
        974,
        971,
        927,
        936,
        1069,
        1064,
        959,
        948,
        1008,
        1046,
        1111,
        1020,
        1016,
        942,
        1040,
        980,
        915,
        1050,
        916,
        1022,
        911,
        961,
        883,
        939,
        976,
        976,
        1023,
        933,
        999,
        1009,
        951,
        980,
        966,
        914,
        936,
        989,
        999,
        963,
        950,
        940,
        988,
        1019,
        938,
        1009,
        988,
        1037,
        1074,
        923,
        1011,
        1072,
        944,
        943,
        984,
        933,
        983,
        980,
        1018,
        892,
        917,
        982,
        931,
        970,
        933,
        948,
        1005,
        1042,
        960,
        1032,
        894,
        870,
        907,
        837,
        1005
    ],
    "Particles_Bbox": [
        [
            [
                426,
                1005
            ],
            [
                43,
                18
            ]
        ],
        [
            [
                423,
                1010
            ],
            [
                50,
                13
            ]
        ],
        [
            [
                426,
                1006
            ],
            [
                73,
                17
            ]
        ],
        [
            [
                445,
                993
            ],
            [
                54,
                30
            ]
        ],
        [
            [
                433,
                997
            ],
            [
                76,
                26
            ]
        ],
        [
            [
                454,
                996
            ],
            [
                56,
                27
            ]
        ],
        [
            [
                457,
                992
            ],
            [
                80,
                31
            ]
        ],
        [
            [
                487,
                992
            ],
            [
                70,
                31
            ]
        ],
        [
            [
                460,
                990
            ],
            [
                84,
                33
            ]
        ],
        [
            [
                474,
                993
            ],
            [
                79,
                30
            ]
        ],
        [
            [
                495,
                986
            ],
            [
                70,
                37
            ]
        ],
        [
            [
                512,
                981
            ],
            [
                62,
                42
            ]
        ],
        [
            [
                521,
                980
            ],
            [
                55,
                43
            ]
        ],
        [
            [
                527,
                974
            ],
            [
                54,
                49
            ]
        ],
        [
            [
                540,
                968
            ],
            [
                50,
                55
            ]
        ],
        [
            [
                549,
                961
            ],
            [
                52,
                62
            ]
        ],
        [
            [
                549,
                953
            ],
            [
                61,
                70
            ]
        ],
        [
            [
                553,
                937
            ],
            [
                72,
                84
            ]
        ],
        [
            [
                571,
                931
            ],
            [
                85,
                77
            ]
        ],
        [
            [
                568,
                935
            ],
            [
                81,
                78
            ]
        ],
        [
            [
                563,
                938
            ],
            [
                66,
                83
            ]
        ],
        [
            [
                575,
                922
            ],
            [
                77,
                86
            ]
        ],
        [
            [
                580,
                912
            ],
            [
                83,
                89
            ]
        ],
        [
            [
                592,
                972
            ],
            [
                27,
                24
            ]
        ],
        [
            [
                594,
                965
            ],
            [
                30,
                25
            ]
        ],
        [
            [
                617,
                909
            ],
            [
                58,
                53
            ]
        ],
        [
            [
                625,
                906
            ],
            [
                61,
                56
            ]
        ],
        [
            [
                607,
                959
            ],
            [
                38,
                25
            ]
        ],
        [
            [
                610,
                912
            ],
            [
                93,
                67
            ]
        ],
        [
            [
                640,
                905
            ],
            [
                62,
                52
            ]
        ],
        [
            [
                619,
                910
            ],
            [
                85,
                62
            ]
        ],
        [
            [
                655,
                913
            ],
            [
                50,
                52
            ]
        ],
        [
            [
                624,
                903
            ],
            [
                78,
                63
            ]
        ],
        [
            [
                622,
                906
            ],
            [
                93,
                67
            ]
        ],
        [
            [
                617,
                900
            ],
            [
                85,
                61
            ]
        ],
        [
            [
                625,
                895
            ],
            [
                76,
                74
            ]
        ],
        [
            [
                632,
                890
            ],
            [
                67,
                68
            ]
        ],
        [
            [
                632,
                895
            ],
            [
                68,
                74
            ]
        ],
        [
            [
                635,
                884
            ],
            [
                62,
                65
            ]
        ],
        [
            [
                638,
                881
            ],
            [
                63,
                62
            ]
        ],
        [
            [
                642,
                883
            ],
            [
                61,
                74
            ]
        ],
        [
            [
                639,
                881
            ],
            [
                59,
                68
            ]
        ],
        [
            [
                635,
                865
            ],
            [
                62,
                89
            ]
        ],
        [
            [
                597,
                853
            ],
            [
                109,
                79
            ]
        ],
        [
            [
                622,
                862
            ],
            [
                82,
                77
            ]
        ],
        [
            [
                617,
                861
            ],
            [
                81,
                82
            ]
        ],
        [
            [
                608,
                842
            ],
            [
                102,
                88
            ]
        ],
        [
            [
                615,
                847
            ],
            [
                101,
                82
            ]
        ],
        [
            [
                617,
                848
            ],
            [
                98,
                84
            ]
        ],
        [
            [
                616,
                830
            ],
            [
                103,
                90
            ]
        ],
        [
            [
                613,
                829
            ],
            [
                101,
                86
            ]
        ],
        [
            [
                612,
                819
            ],
            [
                109,
                91
            ]
        ],
        [
            [
                621,
                824
            ],
            [
                104,
                79
            ]
        ],
        [
            [
                601,
                812
            ],
            [
                129,
                90
            ]
        ],
        [
            [
                614,
                803
            ],
            [
                78,
                59
            ]
        ],
        [
            [
                612,
                801
            ],
            [
                70,
                66
            ]
        ],
        [
            [
                616,
                811
            ],
            [
                68,
                69
            ]
        ],
        [
            [
                614,
                783
            ],
            [
                79,
                90
            ]
        ],
        [
            [
                614,
                793
            ],
            [
                68,
                60
            ]
        ],
        [
            [
                612,
                784
            ],
            [
                68,
                57
            ]
        ],
        [
            [
                607,
                775
            ],
            [
                71,
                78
            ]
        ],
        [
            [
                591,
                770
            ],
            [
                91,
                66
            ]
        ],
        [
            [
                612,
                779
            ],
            [
                64,
                62
            ]
        ],
        [
            [
                594,
                771
            ],
            [
                76,
                64
            ]
        ],
        [
            [
                608,
                776
            ],
            [
                77,
                61
            ]
        ],
        [
            [
                591,
                771
            ],
            [
                77,
                57
            ]
        ],
        [
            [
                602,
                764
            ],
            [
                66,
                65
            ]
        ],
        [
            [
                602,
                771
            ],
            [
                66,
                64
            ]
        ],
        [
            [
                599,
                768
            ],
            [
                65,
                64
            ]
        ],
        [
            [
                589,
                766
            ],
            [
                79,
                64
            ]
        ],
        [
            [
                590,
                765
            ],
            [
                73,
                65
            ]
        ],
        [
            [
                593,
                771
            ],
            [
                65,
                63
            ]
        ],
        [
            [
                589,
                767
            ],
            [
                78,
                70
            ]
        ],
        [
            [
                594,
                771
            ],
            [
                68,
                67
            ]
        ],
        [
            [
                583,
                764
            ],
            [
                75,
                60
            ]
        ],
        [
            [
                583,
                765
            ],
            [
                74,
                55
            ]
        ],
        [
            [
                599,
                766
            ],
            [
                59,
                61
            ]
        ],
        [
            [
                590,
                767
            ],
            [
                65,
                66
            ]
        ],
        [
            [
                573,
                768
            ],
            [
                79,
                67
            ]
        ],
        [
            [
                574,
                769
            ],
            [
                83,
                66
            ]
        ],
        [
            [
                578,
                770
            ],
            [
                72,
                68
            ]
        ],
        [
            [
                589,
                770
            ],
            [
                64,
                65
            ]
        ],
        [
            [
                586,
                764
            ],
            [
                69,
                73
            ]
        ],
        [
            [
                590,
                771
            ],
            [
                62,
                68
            ]
        ],
        [
            [
                589,
                766
            ],
            [
                67,
                71
            ]
        ],
        [
            [
                600,
                774
            ],
            [
                50,
                65
            ]
        ],
        [
            [
                604,
                768
            ],
            [
                50,
                72
            ]
        ],
        [
            [
                596,
                771
            ],
            [
                67,
                85
            ]
        ],
        [
            [
                597,
                778
            ],
            [
                69,
                75
            ]
        ],
        [
            [
                607,
                767
            ],
            [
                51,
                88
            ]
        ],
        [
            [
                611,
                775
            ],
            [
                64,
                83
            ]
        ],
        [
            [
                619,
                782
            ],
            [
                72,
                70
            ]
        ],
        [
            [
                597,
                780
            ],
            [
                91,
                82
            ]
        ],
        [
            [
                620,
                793
            ],
            [
                71,
                52
            ]
        ],
        [
            [
                625,
                792
            ],
            [
                59,
                68
            ]
        ],
        [
            [
                606,
                793
            ],
            [
                73,
                64
            ]
        ],
        [
            [
                610,
                784
            ],
            [
                64,
                58
            ]
        ],
        [
            [
                616,
                766
            ],
            [
                54,
                75
            ]
        ],
        [
            [
                618,
                778
            ],
            [
                50,
                58
            ]
        ],
        [
            [
                602,
                768
            ],
            [
                67,
                67
            ]
        ],
        [
            [
                612,
                761
            ],
            [
                66,
                58
            ]
        ],
        [
            [
                602,
                765
            ],
            [
                72,
                55
            ]
        ],
        [
            [
                618,
                752
            ],
            [
                56,
                72
            ]
        ],
        [
            [
                613,
                756
            ],
            [
                65,
                60
            ]
        ],
        [
            [
                612,
                752
            ],
            [
                71,
                59
            ]
        ],
        [
            [
                611,
                752
            ],
            [
                83,
                59
            ]
        ],
        [
            [
                624,
                739
            ],
            [
                56,
                73
            ]
        ],
        [
            [
                612,
                743
            ],
            [
                92,
                64
            ]
        ],
        [
            [
                612,
                739
            ],
            [
                78,
                68
            ]
        ],
        [
            [
                612,
                737
            ],
            [
                66,
                67
            ]
        ],
        [
            [
                610,
                732
            ],
            [
                81,
                65
            ]
        ],
        [
            [
                613,
                730
            ],
            [
                62,
                62
            ]
        ],
        [
            [
                613,
                704
            ],
            [
                63,
                59
            ]
        ],
        [
            [
                616,
                712
            ],
            [
                64,
                62
            ]
        ],
        [
            [
                625,
                694
            ],
            [
                53,
                51
            ]
        ],
        [
            [
                616,
                708
            ],
            [
                65,
                80
            ]
        ]
    ],
    "Particles_Max_Intensity": [
        [
            129
        ],
        [
            116
        ],
        [
            134
        ],
        [
            127
        ],
        [
            132
        ],
        [
            138
        ],
        [
            142
        ],
        [
            135
        ],
        [
            144
        ],
        [
            146
        ],
        [
            143
        ],
        [
            118
        ],
        [
            137
        ],
        [
            132
        ],
        [
            121
        ],
        [
            126
        ],
        [
            128
        ],
        [
            140
        ],
        [
            136
        ],
        [
            147
        ],
        [
            136
        ],
        [
            139
        ],
        [
            154
        ],
        [
            127
        ],
        [
            122
        ],
        [
            143
        ],
        [
            131
        ],
        [
            132
        ],
        [
            138
        ],
        [
            136
        ],
        [
            129
        ],
        [
            130
        ],
        [
            137
        ],
        [
            136
        ],
        [
            132
        ],
        [
            140
        ],
        [
            132
        ],
        [
            132
        ],
        [
            136
        ],
        [
            134
        ],
        [
            132
        ],
        [
            131
        ],
        [
            137
        ],
        [
            136
        ],
        [
            134
        ],
        [
            132
        ],
        [
            137
        ],
        [
            131
        ],
        [
            126
        ],
        [
            126
        ],
        [
            142
        ],
        [
            128
        ],
        [
            132
        ],
        [
            127
        ],
        [
            130
        ],
        [
            127
        ],
        [
            124
        ],
        [
            135
        ],
        [
            134
        ],
        [
            141
        ],
        [
            136
        ],
        [
            138
        ],
        [
            124
        ],
        [
            123
        ],
        [
            130
        ],
        [
            119
        ],
        [
            113
        ],
        [
            119
        ],
        [
            118
        ],
        [
            129
        ],
        [
            125
        ],
        [
            126
        ],
        [
            130
        ],
        [
            129
        ],
        [
            134
        ],
        [
            127
        ],
        [
            128
        ],
        [
            133
        ],
        [
            124
        ],
        [
            126
        ],
        [
            126
        ],
        [
            123
        ],
        [
            123
        ],
        [
            122
        ],
        [
            124
        ],
        [
            120
        ],
        [
            122
        ],
        [
            129
        ],
        [
            134
        ],
        [
            122
        ],
        [
            128
        ],
        [
            141
        ],
        [
            132
        ],
        [
            128
        ],
        [
            133
        ],
        [
            138
        ],
        [
            132
        ],
        [
            124
        ],
        [
            123
        ],
        [
            122
        ],
        [
            121
        ],
        [
            116
        ],
        [
            120
        ],
        [
            124
        ],
        [
            124
        ],
        [
            114
        ],
        [
            121
        ],
        [
            116
        ],
        [
            122
        ],
        [
            119
        ],
        [
            120
        ],
        [
            116
        ],
        [
            128
        ],
        [
            115
        ],
        [
            122
        ],
        [
            118
        ]
    ],
    "Track_ID": 17,
    "classification": "non-motile",
    "probability_motility": 0.4004817292302486
}
```

## `00018.json`

**경로:** `components/syn/fsw/cfs/owls/assets/asdp000000002/predict/00018.json`


```text
{
    "Times": [
        88,
        89,
        90,
        91,
        92,
        93,
        94,
        95,
        96,
        97,
        98,
        99,
        100,
        101,
        102,
        103,
        104,
        105,
        106,
        107,
        108,
        109,
        110,
        111,
        112,
        113,
        114,
        115,
        116,
        117,
        118,
        119,
        120,
        121,
        122,
        123,
        124,
        125,
        126,
        127,
        128,
        129,
        130,
        131,
        132,
        133,
        134,
        135,
        136,
        137,
        138,
        139,
        140,
        141,
        142,
        143,
        144,
        145,
        146,
        147,
        148,
        149,
        150,
        151,
        152,
        153,
        154,
        155,
        156,
        157,
        158,
        159,
        160,
        161,
        162,
        163,
        164,
        165,
        166,
        167,
        168,
        169,
        170,
        171,
        172,
        173,
        174,
        175,
        176,
        177,
        178,
        179,
        180,
        181,
        182,
        183,
        184,
        185,
        186,
        187,
        188,
        189,
        190,
        191,
        192,
        193,
        194,
        195,
        196,
        197,
        198,
        199,
        200,
        201,
        202,
        203,
        204,
        205,
        206,
        207,
        208,
        209,
        210,
        211,
        212,
        213,
        214,
        215,
        216,
        217,
        218,
        219,
        220,
        221,
        222,
        223,
        224,
        225,
        226,
        227,
        228,
        229,
        230,
        231,
        232,
        233,
        234,
        235,
        236,
        237,
        238,
        239,
        240,
        241,
        242,
        243,
        244,
        245,
        246,
        247,
        248,
        249,
        250,
        251,
        252,
        253,
        254,
        255,
        256,
        257,
        258,
        259,
        260,
        261,
        262,
        263,
        264,
        265,
        266,
        267,
        268,
        269,
        270,
        271,
        272,
        273,
        274,
        275,
        276,
        277,
        278,
        279,
        280,
        281,
        282,
        283,
        284,
        285,
        286,
        287,
        288,
        289,
        290,
        291,
        292,
        293,
        294,
        295,
        296,
        297,
        298,
        299
    ],
    "Particles_Position": [
        [
            2.9,
            968.9
        ],
        [
            5.7,
            965.1
        ],
        [
            9.2,
            960.9
        ],
        [
            14.2,
            954.7
        ],
        [
            17.9,
            952.7
        ],
        [
            22.7,
            946.2
        ],
        [
            24.7,
            940.8
        ],
        [
            37.6,
            926.8
        ],
        [
            34.7,
            931.0
        ],
        null,
        [
            42.2,
            919.8
        ],
        [
            45.2,
            918.8
        ],
        [
            47.7,
            913.3
        ],
        [
            56.7,
            903.8
        ],
        [
            54.0,
            906.3
        ],
        [
            58.9,
            899.6
        ],
        [
            68.6,
            891.4
        ],
        [
            71.7,
            885.4
        ],
        [
            64.7,
            894.5
        ],
        [
            80.2,
            876.1
        ],
        [
            78.5,
            881.4
        ],
        [
            86.7,
            868.8
        ],
        [
            81.7,
            873.5
        ],
        [
            89.8,
            864.0
        ],
        [
            91.4,
            860.8
        ],
        [
            98.4,
            853.1
        ],
        [
            94.8,
            856.8
        ],
        [
            101.3,
            850.2
        ],
        [
            105.3,
            844.9
        ],
        [
            107.5,
            840.7
        ],
        [
            111.8,
            837.5
        ],
        [
            115.1,
            832.4
        ],
        [
            124.4,
            822.8
        ],
        [
            120.8,
            827.6
        ],
        [
            117.8,
            829.7
        ],
        [
            125.5,
            818.4
        ],
        [
            131.9,
            811.9
        ],
        [
            128.5,
            816.0
        ],
        [
            135.6,
            808.6
        ],
        [
            140.0,
            804.5
        ],
        [
            142.1,
            798.9
        ],
        [
            148.5,
            791.9
        ],
        [
            152.2,
            790.1
        ],
        [
            158.7,
            777.2
        ],
        [
            153.2,
            787.3
        ],
        [
            155.2,
            782.9
        ],
        [
            163.0,
            773.4
        ],
        [
            165.2,
            770.0
        ],
        [
            168.6,
            766.1
        ],
        [
            171.2,
            761.9
        ],
        [
            180.1,
            749.6
        ],
        [
            174.0,
            759.7
        ],
        [
            182.2,
            746.4
        ],
        [
            177.2,
            754.3
        ],
        [
            185.6,
            742.7
        ],
        [
            192.6,
            734.6
        ],
        [
            188.7,
            737.6
        ],
        [
            195.3,
            731.4
        ],
        [
            204.3,
            724.3
        ],
        [
            207.6,
            722.0
        ],
        [
            210.1,
            718.2
        ],
        [
            199.0,
            729.3
        ],
        [
            208.6,
            719.9
        ],
        [
            211.8,
            713.9
        ],
        [
            214.2,
            710.5
        ],
        [
            214.3,
            709.1
        ],
        [
            218.6,
            703.9
        ],
        [
            220.3,
            701.0
        ],
        [
            222.6,
            698.5
        ],
        [
            223.3,
            696.2
        ],
        [
            227.0,
            693.3
        ],
        [
            232.9,
            683.3
        ],
        [
            230.7,
            687.0
        ],
        [
            237.4,
            680.2
        ],
        [
            237.9,
            676.4
        ],
        [
            239.4,
            673.9
        ],
        [
            243.6,
            668.8
        ],
        [
            250.7,
            661.7
        ],
        [
            247.8,
            665.0
        ],
        [
            255.3,
            655.2
        ],
        [
            259.8,
            651.0
        ],
        [
            252.4,
            657.8
        ],
        [
            264.6,
            643.3
        ],
        [
            262.1,
            647.2
        ],
        [
            267.4,
            640.5
        ],
        [
            268.5,
            638.0
        ],
        [
            271.0,
            634.4
        ],
        [
            276.6,
            629.9
        ],
        [
            279.1,
            627.1
        ],
        [
            283.0,
            619.1
        ],
        [
            281.2,
            622.9
        ],
        [
            287.1,
            613.6
        ],
        [
            289.8,
            609.0
        ],
        [
            294.1,
            604.7
        ],
        [
            296.9,
            602.2
        ],
        [
            298.7,
            600.2
        ],
        [
            302.8,
            596.5
        ],
        [
            303.8,
            592.3
        ],
        [
            308.8,
            587.2
        ],
        [
            310.7,
            583.9
        ],
        [
            314.7,
            580.1
        ],
        [
            323.7,
            567.4
        ],
        [
            320.1,
            573.0
        ],
        [
            328.0,
            561.9
        ],
        [
            317.1,
            576.6
        ],
        [
            330.6,
            559.0
        ],
        [
            333.5,
            555.5
        ],
        [
            335.3,
            554.4
        ],
        [
            337.7,
            548.1
        ],
        [
            342.7,
            543.4
        ],
        [
            345.1,
            538.1
        ],
        [
            346.5,
            535.4
        ],
        [
            364.6,
            517.7
        ],
        [
            357.4,
            524.7
        ],
        [
            351.3,
            532.0
        ],
        [
            354.0,
            527.7
        ],
        [
            360.1,
            520.9
        ],
        [
            367.2,
            512.8
        ],
        [
            371.3,
            505.5
        ],
        [
            368.8,
            509.9
        ],
        [
            372.4,
            504.7
        ],
        [
            381.6,
            490.4
        ],
        [
            378.1,
            494.0
        ],
        [
            373.5,
            499.8
        ],
        [
            383.9,
            485.7
        ],
        [
            388.6,
            483.3
        ],
        [
            388.7,
            479.7
        ],
        [
            392.1,
            477.0
        ],
        [
            393.4,
            474.2
        ],
        [
            396.3,
            471.2
        ],
        [
            398.6,
            468.8
        ],
        [
            400.9,
            465.6
        ],
        [
            402.8,
            463.1
        ],
        [
            404.7,
            459.0
        ],
        [
            406.3,
            456.0
        ],
        [
            411.2,
            449.2
        ],
        [
            409.4,
            451.1
        ],
        [
            413.6,
            446.8
        ],
        [
            417.0,
            442.2
        ],
        [
            421.6,
            438.7
        ],
        [
            423.7,
            435.2
        ],
        [
            425.6,
            430.9
        ],
        [
            432.7,
            423.2
        ],
        [
            431.2,
            425.4
        ],
        [
            428.1,
            429.0
        ],
        [
            433.8,
            420.3
        ],
        [
            434.7,
            417.7
        ],
        [
            436.3,
            414.2
        ],
        [
            439.8,
            408.8
        ],
        [
            443.7,
            406.9
        ],
        [
            445.1,
            403.1
        ],
        [
            446.6,
            401.4
        ],
        [
            447.8,
            398.8
        ],
        [
            450.2,
            395.9
        ],
        [
            451.2,
            393.9
        ],
        [
            454.0,
            391.9
        ],
        [
            455.5,
            387.7
        ],
        [
            459.6,
            380.3
        ],
        [
            457.9,
            384.4
        ],
        [
            462.8,
            376.9
        ],
        [
            464.3,
            373.1
        ],
        [
            469.0,
            369.0
        ],
        [
            467.0,
            370.5
        ],
        [
            470.8,
            366.5
        ],
        [
            472.2,
            363.5
        ],
        [
            474.1,
            361.3
        ],
        [
            476.8,
            359.2
        ],
        [
            479.8,
            356.2
        ],
        [
            481.1,
            353.1
        ],
        [
            482.9,
            350.0
        ],
        [
            488.2,
            345.5
        ],
        [
            491.1,
            342.4
        ],
        [
            492.3,
            340.0
        ],
        [
            497.3,
            331.2
        ],
        [
            495.4,
            335.7
        ],
        [
            499.9,
            328.1
        ],
        [
            501.8,
            323.1
        ],
        [
            504.7,
            319.8
        ],
        [
            507.9,
            315.2
        ],
        [
            510.1,
            313.1
        ],
        [
            514.6,
            305.1
        ],
        [
            511.1,
            309.1
        ],
        [
            516.6,
            300.9
        ],
        [
            518.0,
            298.5
        ],
        [
            520.8,
            296.1
        ],
        [
            526.3,
            287.0
        ],
        [
            523.4,
            290.3
        ],
        [
            532.1,
            277.1
        ],
        [
            528.8,
            283.4
        ],
        [
            530.9,
            279.3
        ],
        [
            533.8,
            274.0
        ],
        [
            537.1,
            270.9
        ],
        [
            540.3,
            264.7
        ],
        [
            545.7,
            256.9
        ],
        [
            542.8,
            261.2
        ],
        [
            547.4,
            253.1
        ],
        [
            550.4,
            248.4
        ],
        [
            551.3,
            246.5
        ],
        [
            554.4,
            241.6
        ],
        [
            557.6,
            237.5
        ],
        [
            560.9,
            233.5
        ],
        [
            563.6,
            229.9
        ],
        [
            566.7,
            225.8
        ],
        [
            569.7,
            221.9
        ],
        [
            572.1,
            218.2
        ],
        [
            575.5,
            214.8
        ],
        [
            576.0,
            210.4
        ],
        [
            577.6,
            207.6
        ],
        [
            580.0,
            204.6
        ],
        [
            583.1,
            199.5
        ],
        [
            584.0,
            196.4
        ],
        [
            585.8,
            194.6
        ]
    ],
    "Particles_Estimated_Position": [
        [
            2.9,
            968.9
        ],
        [
            5.7,
            965.1
        ],
        [
            9.2,
            960.9
        ],
        [
            14.2,
            954.7
        ],
        [
            17.9,
            952.7
        ],
        [
            22.7,
            946.2
        ],
        [
            24.7,
            940.8
        ],
        [
            37.6,
            926.8
        ],
        [
            34.7,
            931.0
        ],
        [
            38.45,
            925.4
        ],
        [
            42.2,
            919.8
        ],
        [
            45.2,
            918.8
        ],
        [
            47.7,
            913.3
        ],
        [
            56.7,
            903.8
        ],
        [
            54.0,
            906.3
        ],
        [
            58.9,
            899.6
        ],
        [
            68.6,
            891.4
        ],
        [
            71.7,
            885.4
        ],
        [
            64.7,
            894.5
        ],
        [
            80.2,
            876.1
        ],
        [
            78.5,
            881.4
        ],
        [
            86.7,
            868.8
        ],
        [
            81.7,
            873.5
        ],
        [
            89.8,
            864.0
        ],
        [
            91.4,
            860.8
        ],
        [
            98.4,
            853.1
        ],
        [
            94.8,
            856.8
        ],
        [
            101.3,
            850.2
        ],
        [
            105.3,
            844.9
        ],
        [
            107.5,
            840.7
        ],
        [
            111.8,
            837.5
        ],
        [
            115.1,
            832.4
        ],
        [
            124.4,
            822.8
        ],
        [
            120.8,
            827.6
        ],
        [
            117.8,
            829.7
        ],
        [
            125.5,
            818.4
        ],
        [
            131.9,
            811.9
        ],
        [
            128.5,
            816.0
        ],
        [
            135.6,
            808.6
        ],
        [
            140.0,
            804.5
        ],
        [
            142.1,
            798.9
        ],
        [
            148.5,
            791.9
        ],
        [
            152.2,
            790.1
        ],
        [
            158.7,
            777.2
        ],
        [
            153.2,
            787.3
        ],
        [
            155.2,
            782.9
        ],
        [
            163.0,
            773.4
        ],
        [
            165.2,
            770.0
        ],
        [
            168.6,
            766.1
        ],
        [
            171.2,
            761.9
        ],
        [
            180.1,
            749.6
        ],
        [
            174.0,
            759.7
        ],
        [
            182.2,
            746.4
        ],
        [
            177.2,
            754.3
        ],
        [
            185.6,
            742.7
        ],
        [
            192.6,
            734.6
        ],
        [
            188.7,
            737.6
        ],
        [
            195.3,
            731.4
        ],
        [
            204.3,
            724.3
        ],
        [
            207.6,
            722.0
        ],
        [
            210.1,
            718.2
        ],
        [
            199.0,
            729.3
        ],
        [
            208.6,
            719.9
        ],
        [
            211.8,
            713.9
        ],
        [
            214.2,
            710.5
        ],
        [
            214.3,
            709.1
        ],
        [
            218.6,
            703.9
        ],
        [
            220.3,
            701.0
        ],
        [
            222.6,
            698.5
        ],
        [
            223.3,
            696.2
        ],
        [
            227.0,
            693.3
        ],
        [
            232.9,
            683.3
        ],
        [
            230.7,
            687.0
        ],
        [
            237.4,
            680.2
        ],
        [
            237.9,
            676.4
        ],
        [
            239.4,
            673.9
        ],
        [
            243.6,
            668.8
        ],
        [
            250.7,
            661.7
        ],
        [
            247.8,
            665.0
        ],
        [
            255.3,
            655.2
        ],
        [
            259.8,
            651.0
        ],
        [
            252.4,
            657.8
        ],
        [
            264.6,
            643.3
        ],
        [
            262.1,
            647.2
        ],
        [
            267.4,
            640.5
        ],
        [
            268.5,
            638.0
        ],
        [
            271.0,
            634.4
        ],
        [
            276.6,
            629.9
        ],
        [
            279.1,
            627.1
        ],
        [
            283.0,
            619.1
        ],
        [
            281.2,
            622.9
        ],
        [
            287.1,
            613.6
        ],
        [
            289.8,
            609.0
        ],
        [
            294.1,
            604.7
        ],
        [
            296.9,
            602.2
        ],
        [
            298.7,
            600.2
        ],
        [
            302.8,
            596.5
        ],
        [
            303.8,
            592.3
        ],
        [
            308.8,
            587.2
        ],
        [
            310.7,
            583.9
        ],
        [
            314.7,
            580.1
        ],
        [
            323.7,
            567.4
        ],
        [
            320.1,
            573.0
        ],
        [
            328.0,
            561.9
        ],
        [
            317.1,
            576.6
        ],
        [
            330.6,
            559.0
        ],
        [
            333.5,
            555.5
        ],
        [
            335.3,
            554.4
        ],
        [
            337.7,
            548.1
        ],
        [
            342.7,
            543.4
        ],
        [
            345.1,
            538.1
        ],
        [
            346.5,
            535.4
        ],
        [
            364.6,
            517.7
        ],
        [
            357.4,
            524.7
        ],
        [
            351.3,
            532.0
        ],
        [
            354.0,
            527.7
        ],
        [
            360.1,
            520.9
        ],
        [
            367.2,
            512.8
        ],
        [
            371.3,
            505.5
        ],
        [
            368.8,
            509.9
        ],
        [
            372.4,
            504.7
        ],
        [
            381.6,
            490.4
        ],
        [
            378.1,
            494.0
        ],
        [
            373.5,
            499.8
        ],
        [
            383.9,
            485.7
        ],
        [
            388.6,
            483.3
        ],
        [
            388.7,
            479.7
        ],
        [
            392.1,
            477.0
        ],
        [
            393.4,
            474.2
        ],
        [
            396.3,
            471.2
        ],
        [
            398.6,
            468.8
        ],
        [
            400.9,
            465.6
        ],
        [
            402.8,
            463.1
        ],
        [
            404.7,
            459.0
        ],
        [
            406.3,
            456.0
        ],
        [
            411.2,
            449.2
        ],
        [
            409.4,
            451.1
        ],
        [
            413.6,
            446.8
        ],
        [
            417.0,
            442.2
        ],
        [
            421.6,
            438.7
        ],
        [
            423.7,
            435.2
        ],
        [
            425.6,
            430.9
        ],
        [
            432.7,
            423.2
        ],
        [
            431.2,
            425.4
        ],
        [
            428.1,
            429.0
        ],
        [
            433.8,
            420.3
        ],
        [
            434.7,
            417.7
        ],
        [
            436.3,
            414.2
        ],
        [
            439.8,
            408.8
        ],
        [
            443.7,
            406.9
        ],
        [
            445.1,
            403.1
        ],
        [
            446.6,
            401.4
        ],
        [
            447.8,
            398.8
        ],
        [
            450.2,
            395.9
        ],
        [
            451.2,
            393.9
        ],
        [
            454.0,
            391.9
        ],
        [
            455.5,
            387.7
        ],
        [
            459.6,
            380.3
        ],
        [
            457.9,
            384.4
        ],
        [
            462.8,
            376.9
        ],
        [
            464.3,
            373.1
        ],
        [
            469.0,
            369.0
        ],
        [
            467.0,
            370.5
        ],
        [
            470.8,
            366.5
        ],
        [
            472.2,
            363.5
        ],
        [
            474.1,
            361.3
        ],
        [
            476.8,
            359.2
        ],
        [
            479.8,
            356.2
        ],
        [
            481.1,
            353.1
        ],
        [
            482.9,
            350.0
        ],
        [
            488.2,
            345.5
        ],
        [
            491.1,
            342.4
        ],
        [
            492.3,
            340.0
        ],
        [
            497.3,
            331.2
        ],
        [
            495.4,
            335.7
        ],
        [
            499.9,
            328.1
        ],
        [
            501.8,
            323.1
        ],
        [
            504.7,
            319.8
        ],
        [
            507.9,
            315.2
        ],
        [
            510.1,
            313.1
        ],
        [
            514.6,
            305.1
        ],
        [
            511.1,
            309.1
        ],
        [
            516.6,
            300.9
        ],
        [
            518.0,
            298.5
        ],
        [
            520.8,
            296.1
        ],
        [
            526.3,
            287.0
        ],
        [
            523.4,
            290.3
        ],
        [
            532.1,
            277.1
        ],
        [
            528.8,
            283.4
        ],
        [
            530.9,
            279.3
        ],
        [
            533.8,
            274.0
        ],
        [
            537.1,
            270.9
        ],
        [
            540.3,
            264.7
        ],
        [
            545.7,
            256.9
        ],
        [
            542.8,
            261.2
        ],
        [
            547.4,
            253.1
        ],
        [
            550.4,
            248.4
        ],
        [
            551.3,
            246.5
        ],
        [
            554.4,
            241.6
        ],
        [
            557.6,
            237.5
        ],
        [
            560.9,
            233.5
        ],
        [
            563.6,
            229.9
        ],
        [
            566.7,
            225.8
        ],
        [
            569.7,
            221.9
        ],
        [
            572.1,
            218.2
        ],
        [
            575.5,
            214.8
        ],
        [
            576.0,
            210.4
        ],
        [
            577.6,
            207.6
        ],
        [
            580.0,
            204.6
        ],
        [
            583.1,
            199.5
        ],
        [
            584.0,
            196.4
        ],
        [
            585.8,
            194.6
        ]
    ],
    "Particles_Size": [
        14,
        14,
        10,
        9,
        15,
        11,
        15,
        22,
        18,
        null,
        20,
        5,
        9,
        32,
        20,
        16,
        19,
        10,
        20,
        13,
        8,
        6,
        18,
        22,
        39,
        31,
        47,
        34,
        49,
        33,
        39,
        74,
        58,
        79,
        70,
        53,
        105,
        119,
        94,
        58,
        54,
        39,
        56,
        61,
        46,
        44,
        90,
        77,
        68,
        88,
        41,
        47,
        44,
        31,
        37,
        87,
        44,
        85,
        54,
        38,
        42,
        65,
        46,
        40,
        30,
        34,
        35,
        62,
        67,
        67,
        66,
        45,
        55,
        69,
        45,
        61,
        33,
        64,
        62,
        54,
        64,
        76,
        53,
        40,
        57,
        55,
        61,
        45,
        54,
        77,
        74,
        58,
        65,
        85,
        81,
        88,
        75,
        61,
        28,
        50,
        54,
        57,
        66,
        87,
        64,
        83,
        82,
        95,
        107,
        50,
        42,
        64,
        75,
        61,
        129,
        113,
        76,
        92,
        104,
        88,
        115,
        118,
        103,
        103,
        68,
        66,
        50,
        47,
        52,
        62,
        72,
        59,
        73,
        120,
        91,
        118,
        125,
        101,
        83,
        80,
        152,
        138,
        195,
        123,
        168,
        213,
        151,
        135,
        135,
        110,
        173,
        202,
        212,
        229,
        248,
        240,
        225,
        181,
        205,
        181,
        119,
        169,
        138,
        242,
        261,
        254,
        236,
        220,
        317,
        332,
        288,
        285,
        388,
        280,
        364,
        295,
        340,
        511,
        309,
        330,
        358,
        331,
        368,
        424,
        354,
        341,
        304,
        192,
        328,
        181,
        210,
        221,
        213,
        211,
        214,
        250,
        300,
        232,
        244,
        256,
        272,
        173,
        166,
        135,
        116,
        171,
        161,
        138,
        169,
        160,
        173,
        214
    ],
    "Particles_Bbox": [
        [
            [
                0,
                958
            ],
            [
                20,
                16
            ]
        ],
        [
            [
                1,
                963
            ],
            [
                8,
                5
            ]
        ],
        [
            [
                2,
                957
            ],
            [
                10,
                6
            ]
        ],
        [
            [
                10,
                951
            ],
            [
                8,
                6
            ]
        ],
        [
            [
                14,
                948
            ],
            [
                8,
                17
            ]
        ],
        [
            [
                21,
                943
            ],
            [
                4,
                8
            ]
        ],
        [
            [
                22,
                937
            ],
            [
                8,
                8
            ]
        ],
        [
            [
                34,
                924
            ],
            [
                8,
                6
            ]
        ],
        [
            [
                31,
                928
            ],
            [
                7,
                7
            ]
        ],
        null,
        [
            [
                37,
                908
            ],
            [
                18,
                18
            ]
        ],
        [
            [
                44,
                916
            ],
            [
                4,
                5
            ]
        ],
        [
            [
                45,
                910
            ],
            [
                6,
                8
            ]
        ],
        [
            [
                53,
                899
            ],
            [
                14,
                15
            ]
        ],
        [
            [
                49,
                897
            ],
            [
                18,
                14
            ]
        ],
        [
            [
                56,
                895
            ],
            [
                8,
                8
            ]
        ],
        [
            [
                66,
                886
            ],
            [
                5,
                9
            ]
        ],
        [
            [
                68,
                883
            ],
            [
                8,
                5
            ]
        ],
        [
            [
                61,
                891
            ],
            [
                8,
                8
            ]
        ],
        [
            [
                77,
                872
            ],
            [
                6,
                9
            ]
        ],
        [
            [
                76,
                878
            ],
            [
                13,
                6
            ]
        ],
        [
            [
                82,
                860
            ],
            [
                13,
                12
            ]
        ],
        [
            [
                78,
                871
            ],
            [
                8,
                5
            ]
        ],
        [
            [
                84,
                851
            ],
            [
                15,
                25
            ]
        ],
        [
            [
                87,
                858
            ],
            [
                9,
                6
            ]
        ],
        [
            [
                95,
                848
            ],
            [
                8,
                10
            ]
        ],
        [
            [
                88,
                851
            ],
            [
                22,
                11
            ]
        ],
        [
            [
                97,
                847
            ],
            [
                9,
                6
            ]
        ],
        [
            [
                90,
                830
            ],
            [
                27,
                28
            ]
        ],
        [
            [
                101,
                827
            ],
            [
                20,
                19
            ]
        ],
        [
            [
                104,
                824
            ],
            [
                20,
                22
            ]
        ],
        [
            [
                105,
                819
            ],
            [
                22,
                28
            ]
        ],
        [
            [
                118,
                816
            ],
            [
                19,
                20
            ]
        ],
        [
            [
                114,
                814
            ],
            [
                21,
                29
            ]
        ],
        [
            [
                111,
                819
            ],
            [
                20,
                26
            ]
        ],
        [
            [
                112,
                804
            ],
            [
                20,
                29
            ]
        ],
        [
            [
                117,
                796
            ],
            [
                35,
                31
            ]
        ],
        [
            [
                114,
                800
            ],
            [
                29,
                31
            ]
        ],
        [
            [
                122,
                794
            ],
            [
                28,
                29
            ]
        ],
        [
            [
                129,
                793
            ],
            [
                23,
                25
            ]
        ],
        [
            [
                137,
                784
            ],
            [
                20,
                21
            ]
        ],
        [
            [
                140,
                783
            ],
            [
                21,
                14
            ]
        ],
        [
            [
                143,
                779
            ],
            [
                20,
                18
            ]
        ],
        [
            [
                149,
                764
            ],
            [
                22,
                29
            ]
        ],
        [
            [
                147,
                779
            ],
            [
                19,
                21
            ]
        ],
        [
            [
                150,
                768
            ],
            [
                11,
                29
            ]
        ],
        [
            [
                151,
                760
            ],
            [
                26,
                29
            ]
        ],
        [
            [
                155,
                760
            ],
            [
                25,
                19
            ]
        ],
        [
            [
                155,
                760
            ],
            [
                29,
                18
            ]
        ],
        [
            [
                157,
                747
            ],
            [
                28,
                31
            ]
        ],
        [
            [
                174,
                746
            ],
            [
                11,
                9
            ]
        ],
        [
            [
                164,
                747
            ],
            [
                22,
                26
            ]
        ],
        [
            [
                176,
                741
            ],
            [
                12,
                20
            ]
        ],
        [
            [
                171,
                744
            ],
            [
                17,
                24
            ]
        ],
        [
            [
                181,
                733
            ],
            [
                19,
                23
            ]
        ],
        [
            [
                171,
                721
            ],
            [
                36,
                29
            ]
        ],
        [
            [
                183,
                725
            ],
            [
                17,
                18
            ]
        ],
        [
            [
                182,
                711
            ],
            [
                34,
                32
            ]
        ],
        [
            [
                193,
                711
            ],
            [
                23,
                22
            ]
        ],
        [
            [
                203,
                711
            ],
            [
                14,
                19
            ]
        ],
        [
            [
                203,
                703
            ],
            [
                19,
                27
            ]
        ],
        [
            [
                191,
                718
            ],
            [
                27,
                25
            ]
        ],
        [
            [
                199,
                704
            ],
            [
                21,
                25
            ]
        ],
        [
            [
                205,
                705
            ],
            [
                20,
                23
            ]
        ],
        [
            [
                208,
                704
            ],
            [
                17,
                20
            ]
        ],
        [
            [
                199,
                701
            ],
            [
                29,
                21
            ]
        ],
        [
            [
                211,
                700
            ],
            [
                20,
                11
            ]
        ],
        [
            [
                202,
                687
            ],
            [
                30,
                30
            ]
        ],
        [
            [
                215,
                684
            ],
            [
                24,
                27
            ]
        ],
        [
            [
                207,
                685
            ],
            [
                32,
                25
            ]
        ],
        [
            [
                204,
                678
            ],
            [
                36,
                30
            ]
        ],
        [
            [
                217,
                675
            ],
            [
                29,
                21
            ]
        ],
        [
            [
                214,
                674
            ],
            [
                30,
                30
            ]
        ],
        [
            [
                230,
                666
            ],
            [
                26,
                30
            ]
        ],
        [
            [
                226,
                660
            ],
            [
                25,
                30
            ]
        ],
        [
            [
                226,
                658
            ],
            [
                31,
                31
            ]
        ],
        [
            [
                227,
                655
            ],
            [
                31,
                22
            ]
        ],
        [
            [
                244,
                654
            ],
            [
                21,
                22
            ]
        ],
        [
            [
                231,
                651
            ],
            [
                31,
                27
            ]
        ],
        [
            [
                249,
                648
            ],
            [
                20,
                21
            ]
        ],
        [
            [
                243,
                638
            ],
            [
                30,
                28
            ]
        ],
        [
            [
                238,
                645
            ],
            [
                28,
                23
            ]
        ],
        [
            [
                259,
                635
            ],
            [
                17,
                13
            ]
        ],
        [
            [
                248,
                642
            ],
            [
                28,
                13
            ]
        ],
        [
            [
                261,
                635
            ],
            [
                18,
                20
            ]
        ],
        [
            [
                259,
                631
            ],
            [
                15,
                20
            ]
        ],
        [
            [
                255,
                619
            ],
            [
                31,
                30
            ]
        ],
        [
            [
                262,
                621
            ],
            [
                35,
                23
            ]
        ],
        [
            [
                263,
                621
            ],
            [
                30,
                21
            ]
        ],
        [
            [
                269,
                604
            ],
            [
                26,
                30
            ]
        ],
        [
            [
                265,
                611
            ],
            [
                29,
                24
            ]
        ],
        [
            [
                271,
                603
            ],
            [
                31,
                18
            ]
        ],
        [
            [
                273,
                596
            ],
            [
                30,
                30
            ]
        ],
        [
            [
                285,
                592
            ],
            [
                31,
                25
            ]
        ],
        [
            [
                289,
                587
            ],
            [
                28,
                30
            ]
        ],
        [
            [
                283,
                583
            ],
            [
                31,
                33
            ]
        ],
        [
            [
                288,
                582
            ],
            [
                30,
                29
            ]
        ],
        [
            [
                288,
                580
            ],
            [
                32,
                28
            ]
        ],
        [
            [
                302,
                580
            ],
            [
                21,
                12
            ]
        ],
        [
            [
                301,
                569
            ],
            [
                24,
                28
            ]
        ],
        [
            [
                299,
                566
            ],
            [
                29,
                22
            ]
        ],
        [
            [
                318,
                554
            ],
            [
                18,
                29
            ]
        ],
        [
            [
                306,
                561
            ],
            [
                28,
                26
            ]
        ],
        [
            [
                319,
                548
            ],
            [
                22,
                31
            ]
        ],
        [
            [
                303,
                569
            ],
            [
                29,
                22
            ]
        ],
        [
            [
                318,
                545
            ],
            [
                27,
                29
            ]
        ],
        [
            [
                325,
                547
            ],
            [
                22,
                18
            ]
        ],
        [
            [
                321,
                541
            ],
            [
                29,
                26
            ]
        ],
        [
            [
                323,
                530
            ],
            [
                31,
                32
            ]
        ],
        [
            [
                331,
                534
            ],
            [
                26,
                23
            ]
        ],
        [
            [
                334,
                531
            ],
            [
                24,
                20
            ]
        ],
        [
            [
                333,
                523
            ],
            [
                27,
                31
            ]
        ],
        [
            [
                349,
                507
            ],
            [
                29,
                24
            ]
        ],
        [
            [
                341,
                515
            ],
            [
                31,
                23
            ]
        ],
        [
            [
                335,
                516
            ],
            [
                34,
                32
            ]
        ],
        [
            [
                337,
                514
            ],
            [
                31,
                29
            ]
        ],
        [
            [
                342,
                510
            ],
            [
                33,
                26
            ]
        ],
        [
            [
                352,
                497
            ],
            [
                30,
                31
            ]
        ],
        [
            [
                355,
                492
            ],
            [
                39,
                30
            ]
        ],
        [
            [
                353,
                494
            ],
            [
                30,
                31
            ]
        ],
        [
            [
                356,
                490
            ],
            [
                32,
                29
            ]
        ],
        [
            [
                359,
                475
            ],
            [
                39,
                31
            ]
        ],
        [
            [
                362,
                478
            ],
            [
                32,
                32
            ]
        ],
        [
            [
                360,
                483
            ],
            [
                31,
                30
            ]
        ],
        [
            [
                368,
                471
            ],
            [
                32,
                38
            ]
        ],
        [
            [
                373,
                468
            ],
            [
                37,
                31
            ]
        ],
        [
            [
                374,
                470
            ],
            [
                30,
                25
            ]
        ],
        [
            [
                378,
                466
            ],
            [
                26,
                25
            ]
        ],
        [
            [
                378,
                465
            ],
            [
                27,
                18
            ]
        ],
        [
            [
                382,
                464
            ],
            [
                27,
                16
            ]
        ],
        [
            [
                382,
                453
            ],
            [
                31,
                30
            ]
        ],
        [
            [
                386,
                450
            ],
            [
                30,
                30
            ]
        ],
        [
            [
                387,
                448
            ],
            [
                35,
                38
            ]
        ],
        [
            [
                389,
                443
            ],
            [
                35,
                31
            ]
        ],
        [
            [
                384,
                441
            ],
            [
                38,
                30
            ]
        ],
        [
            [
                395,
                434
            ],
            [
                33,
                30
            ]
        ],
        [
            [
                392,
                436
            ],
            [
                38,
                38
            ]
        ],
        [
            [
                399,
                428
            ],
            [
                31,
                33
            ]
        ],
        [
            [
                402,
                421
            ],
            [
                31,
                37
            ]
        ],
        [
            [
                406,
                422
            ],
            [
                30,
                41
            ]
        ],
        [
            [
                401,
                420
            ],
            [
                38,
                37
            ]
        ],
        [
            [
                404,
                398
            ],
            [
                41,
                53
            ]
        ],
        [
            [
                415,
                406
            ],
            [
                39,
                38
            ]
        ],
        [
            [
                413,
                409
            ],
            [
                42,
                31
            ]
        ],
        [
            [
                409,
                411
            ],
            [
                41,
                33
            ]
        ],
        [
            [
                417,
                402
            ],
            [
                38,
                37
            ]
        ],
        [
            [
                417,
                401
            ],
            [
                39,
                31
            ]
        ],
        [
            [
                416,
                394
            ],
            [
                37,
                35
            ]
        ],
        [
            [
                423,
                393
            ],
            [
                37,
                32
            ]
        ],
        [
            [
                430,
                391
            ],
            [
                28,
                30
            ]
        ],
        [
            [
                422,
                370
            ],
            [
                43,
                50
            ]
        ],
        [
            [
                429,
                384
            ],
            [
                41,
                33
            ]
        ],
        [
            [
                431,
                379
            ],
            [
                32,
                34
            ]
        ],
        [
            [
                432,
                378
            ],
            [
                39,
                33
            ]
        ],
        [
            [
                433,
                363
            ],
            [
                39,
                47
            ]
        ],
        [
            [
                431,
                373
            ],
            [
                50,
                33
            ]
        ],
        [
            [
                437,
                368
            ],
            [
                36,
                40
            ]
        ],
        [
            [
                442,
                360
            ],
            [
                35,
                42
            ]
        ],
        [
            [
                437,
                364
            ],
            [
                39,
                36
            ]
        ],
        [
            [
                444,
                358
            ],
            [
                38,
                41
            ]
        ],
        [
            [
                447,
                354
            ],
            [
                38,
                42
            ]
        ],
        [
            [
                446,
                351
            ],
            [
                45,
                40
            ]
        ],
        [
            [
                449,
                353
            ],
            [
                33,
                32
            ]
        ],
        [
            [
                440,
                339
            ],
            [
                52,
                58
            ]
        ],
        [
            [
                453,
                345
            ],
            [
                42,
                41
            ]
        ],
        [
            [
                452,
                343
            ],
            [
                53,
                51
            ]
        ],
        [
            [
                454,
                338
            ],
            [
                45,
                47
            ]
        ],
        [
            [
                460,
                334
            ],
            [
                50,
                42
            ]
        ],
        [
            [
                457,
                323
            ],
            [
                46,
                72
            ]
        ],
        [
            [
                453,
                328
            ],
            [
                52,
                41
            ]
        ],
        [
            [
                460,
                320
            ],
            [
                54,
                60
            ]
        ],
        [
            [
                457,
                308
            ],
            [
                61,
                73
            ]
        ],
        [
            [
                425,
                305
            ],
            [
                118,
                70
            ]
        ],
        [
            [
                457,
                309
            ],
            [
                79,
                54
            ]
        ],
        [
            [
                458,
                297
            ],
            [
                78,
                85
            ]
        ],
        [
            [
                460,
                309
            ],
            [
                86,
                50
            ]
        ],
        [
            [
                454,
                301
            ],
            [
                94,
                55
            ]
        ],
        [
            [
                449,
                283
            ],
            [
                99,
                77
            ]
        ],
        [
            [
                488,
                292
            ],
            [
                45,
                45
            ]
        ],
        [
            [
                481,
                284
            ],
            [
                70,
                58
            ]
        ],
        [
            [
                479,
                278
            ],
            [
                61,
                48
            ]
        ],
        [
            [
                465,
                275
            ],
            [
                78,
                61
            ]
        ],
        [
            [
                482,
                274
            ],
            [
                62,
                67
            ]
        ],
        [
            [
                479,
                270
            ],
            [
                74,
                79
            ]
        ],
        [
            [
                497,
                271
            ],
            [
                51,
                61
            ]
        ],
        [
            [
                504,
                262
            ],
            [
                59,
                70
            ]
        ],
        [
            [
                500,
                268
            ],
            [
                55,
                51
            ]
        ],
        [
            [
                509,
                258
            ],
            [
                55,
                38
            ]
        ],
        [
            [
                508,
                260
            ],
            [
                51,
                60
            ]
        ],
        [
            [
                513,
                250
            ],
            [
                47,
                54
            ]
        ],
        [
            [
                514,
                251
            ],
            [
                35,
                43
            ]
        ],
        [
            [
                520,
                252
            ],
            [
                52,
                43
            ]
        ],
        [
            [
                524,
                246
            ],
            [
                52,
                42
            ]
        ],
        [
            [
                516,
                233
            ],
            [
                52,
                46
            ]
        ],
        [
            [
                525,
                240
            ],
            [
                36,
                41
            ]
        ],
        [
            [
                524,
                202
            ],
            [
                69,
                73
            ]
        ],
        [
            [
                522,
                218
            ],
            [
                64,
                63
            ]
        ],
        [
            [
                527,
                218
            ],
            [
                47,
                63
            ]
        ],
        [
            [
                532,
                219
            ],
            [
                54,
                45
            ]
        ],
        [
            [
                536,
                214
            ],
            [
                51,
                53
            ]
        ],
        [
            [
                539,
                214
            ],
            [
                62,
                50
            ]
        ],
        [
            [
                542,
                213
            ],
            [
                43,
                39
            ]
        ],
        [
            [
                542,
                206
            ],
            [
                47,
                36
            ]
        ],
        [
            [
                552,
                202
            ],
            [
                38,
                39
            ]
        ],
        [
            [
                554,
                198
            ],
            [
                36,
                37
            ]
        ],
        [
            [
                556,
                194
            ],
            [
                57,
                41
            ]
        ],
        [
            [
                552,
                191
            ],
            [
                45,
                41
            ]
        ],
        [
            [
                554,
                188
            ],
            [
                43,
                41
            ]
        ],
        [
            [
                557,
                180
            ],
            [
                46,
                44
            ]
        ],
        [
            [
                548,
                174
            ],
            [
                55,
                48
            ]
        ],
        [
            [
                567,
                178
            ],
            [
                33,
                38
            ]
        ],
        [
            [
                569,
                169
            ],
            [
                58,
                46
            ]
        ]
    ],
    "Particles_Max_Intensity": [
        [
            108
        ],
        [
            106
        ],
        [
            103
        ],
        [
            101
        ],
        [
            88
        ],
        [
            93
        ],
        [
            99
        ],
        [
            99
        ],
        [
            96
        ],
        null,
        [
            99
        ],
        [
            99
        ],
        [
            95
        ],
        [
            102
        ],
        [
            103
        ],
        [
            95
        ],
        [
            93
        ],
        [
            87
        ],
        [
            91
        ],
        [
            89
        ],
        [
            84
        ],
        [
            95
        ],
        [
            92
        ],
        [
            98
        ],
        [
            102
        ],
        [
            93
        ],
        [
            103
        ],
        [
            98
        ],
        [
            98
        ],
        [
            100
        ],
        [
            102
        ],
        [
            97
        ],
        [
            93
        ],
        [
            98
        ],
        [
            100
        ],
        [
            103
        ],
        [
            112
        ],
        [
            109
        ],
        [
            113
        ],
        [
            104
        ],
        [
            93
        ],
        [
            98
        ],
        [
            100
        ],
        [
            101
        ],
        [
            105
        ],
        [
            105
        ],
        [
            105
        ],
        [
            106
        ],
        [
            113
        ],
        [
            113
        ],
        [
            102
        ],
        [
            100
        ],
        [
            99
        ],
        [
            105
        ],
        [
            96
        ],
        [
            96
        ],
        [
            96
        ],
        [
            106
        ],
        [
            96
        ],
        [
            98
        ],
        [
            102
        ],
        [
            101
        ],
        [
            102
        ],
        [
            103
        ],
        [
            106
        ],
        [
            100
        ],
        [
            97
        ],
        [
            98
        ],
        [
            105
        ],
        [
            105
        ],
        [
            103
        ],
        [
            109
        ],
        [
            107
        ],
        [
            115
        ],
        [
            113
        ],
        [
            105
        ],
        [
            104
        ],
        [
            111
        ],
        [
            108
        ],
        [
            115
        ],
        [
            107
        ],
        [
            116
        ],
        [
            102
        ],
        [
            103
        ],
        [
            103
        ],
        [
            106
        ],
        [
            108
        ],
        [
            103
        ],
        [
            99
        ],
        [
            101
        ],
        [
            105
        ],
        [
            103
        ],
        [
            120
        ],
        [
            126
        ],
        [
            128
        ],
        [
            118
        ],
        [
            114
        ],
        [
            103
        ],
        [
            103
        ],
        [
            115
        ],
        [
            116
        ],
        [
            97
        ],
        [
            99
        ],
        [
            109
        ],
        [
            105
        ],
        [
            111
        ],
        [
            115
        ],
        [
            111
        ],
        [
            108
        ],
        [
            101
        ],
        [
            112
        ],
        [
            117
        ],
        [
            103
        ],
        [
            107
        ],
        [
            122
        ],
        [
            117
        ],
        [
            101
        ],
        [
            110
        ],
        [
            124
        ],
        [
            118
        ],
        [
            122
        ],
        [
            128
        ],
        [
            116
        ],
        [
            124
        ],
        [
            118
        ],
        [
            115
        ],
        [
            120
        ],
        [
            123
        ],
        [
            117
        ],
        [
            122
        ],
        [
            122
        ],
        [
            119
        ],
        [
            114
        ],
        [
            110
        ],
        [
            121
        ],
        [
            113
        ],
        [
            120
        ],
        [
            107
        ],
        [
            110
        ],
        [
            107
        ],
        [
            113
        ],
        [
            118
        ],
        [
            119
        ],
        [
            123
        ],
        [
            123
        ],
        [
            118
        ],
        [
            116
        ],
        [
            124
        ],
        [
            120
        ],
        [
            109
        ],
        [
            114
        ],
        [
            116
        ],
        [
            128
        ],
        [
            136
        ],
        [
            139
        ],
        [
            133
        ],
        [
            128
        ],
        [
            119
        ],
        [
            120
        ],
        [
            120
        ],
        [
            127
        ],
        [
            127
        ],
        [
            122
        ],
        [
            143
        ],
        [
            127
        ],
        [
            133
        ],
        [
            141
        ],
        [
            137
        ],
        [
            133
        ],
        [
            140
        ],
        [
            141
        ],
        [
            134
        ],
        [
            138
        ],
        [
            136
        ],
        [
            140
        ],
        [
            142
        ],
        [
            137
        ],
        [
            132
        ],
        [
            121
        ],
        [
            125
        ],
        [
            124
        ],
        [
            128
        ],
        [
            123
        ],
        [
            124
        ],
        [
            118
        ],
        [
            128
        ],
        [
            129
        ],
        [
            113
        ],
        [
            119
        ],
        [
            124
        ],
        [
            119
        ],
        [
            121
        ],
        [
            126
        ],
        [
            126
        ],
        [
            122
        ],
        [
            132
        ],
        [
            134
        ],
        [
            127
        ],
        [
            125
        ],
        [
            125
        ],
        [
            131
        ],
        [
            126
        ],
        [
            122
        ],
        [
            124
        ],
        [
            122
        ],
        [
            128
        ],
        [
            127
        ],
        [
            123
        ],
        [
            135
        ],
        [
            134
        ],
        [
            127
        ],
        [
            129
        ]
    ],
    "Track_ID": 18,
    "classification": "non-motile",
    "probability_motility": 0.377694884399853
}
```

## `00019.json`

**경로:** `components/syn/fsw/cfs/owls/assets/asdp000000002/predict/00019.json`


```text
{
    "Times": [
        109,
        110,
        111,
        112,
        113,
        114,
        115,
        116,
        117,
        118,
        119,
        120,
        121,
        122,
        123,
        124,
        125,
        126,
        127
    ],
    "Particles_Position": [
        [
            590.0,
            180.7
        ],
        [
            586.0,
            187.5
        ],
        [
            593.8,
            174.8
        ],
        [
            598.5,
            168.7
        ],
        [
            606.3,
            154.3
        ],
        [
            602.3,
            161.2
        ],
        [
            611.0,
            147.5
        ],
        [
            615.3,
            141.0
        ],
        [
            618.8,
            135.2
        ],
        [
            622.8,
            128.2
        ],
        [
            626.5,
            121.8
        ],
        [
            639.0,
            102.0
        ],
        [
            635.4,
            108.2
        ],
        null,
        null,
        null,
        [
            646.6,
            91.6
        ],
        [
            655.3,
            77.0
        ],
        [
            659.4,
            69.9
        ]
    ],
    "Particles_Estimated_Position": [
        [
            590.0,
            180.7
        ],
        [
            586.0,
            187.5
        ],
        [
            593.8,
            174.8
        ],
        [
            598.5,
            168.7
        ],
        [
            606.3,
            154.3
        ],
        [
            602.3,
            161.2
        ],
        [
            611.0,
            147.5
        ],
        [
            615.3,
            141.0
        ],
        [
            618.8,
            135.2
        ],
        [
            622.8,
            128.2
        ],
        [
            626.5,
            121.8
        ],
        [
            639.0,
            102.0
        ],
        [
            635.4,
            108.2
        ],
        [
            638.2,
            104.05
        ],
        [
            641.0,
            99.9
        ],
        [
            643.8,
            95.75
        ],
        [
            646.6,
            91.6
        ],
        [
            655.3,
            77.0
        ],
        [
            659.4,
            69.9
        ]
    ],
    "Particles_Size": [
        6,
        6,
        8,
        6,
        9,
        9,
        4,
        6,
        8,
        8,
        8,
        5,
        8,
        null,
        null,
        null,
        7,
        6,
        7
    ],
    "Particles_Bbox": [
        [
            [
                588,
                179
            ],
            [
                4,
                4
            ]
        ],
        [
            [
                584,
                186
            ],
            [
                3,
                3
            ]
        ],
        [
            [
                591,
                173
            ],
            [
                4,
                4
            ]
        ],
        [
            [
                598,
                166
            ],
            [
                1,
                5
            ]
        ],
        [
            [
                604,
                151
            ],
            [
                4,
                6
            ]
        ],
        [
            [
                600,
                159
            ],
            [
                4,
                5
            ]
        ],
        [
            [
                610,
                145
            ],
            [
                2,
                5
            ]
        ],
        [
            [
                614,
                138
            ],
            [
                2,
                6
            ]
        ],
        [
            [
                617,
                132
            ],
            [
                4,
                6
            ]
        ],
        [
            [
                621,
                125
            ],
            [
                4,
                6
            ]
        ],
        [
            [
                624,
                119
            ],
            [
                5,
                5
            ]
        ],
        [
            [
                638,
                100
            ],
            [
                2,
                5
            ]
        ],
        [
            [
                633,
                105
            ],
            [
                4,
                6
            ]
        ],
        null,
        null,
        null,
        [
            [
                645,
                87
            ],
            [
                3,
                6
            ]
        ],
        [
            [
                654,
                74
            ],
            [
                3,
                6
            ]
        ],
        [
            [
                658,
                67
            ],
            [
                3,
                6
            ]
        ]
    ],
    "Particles_Max_Intensity": [
        [
            113
        ],
        [
            98
        ],
        [
            102
        ],
        [
            86
        ],
        [
            126
        ],
        [
            128
        ],
        [
            98
        ],
        [
            88
        ],
        [
            117
        ],
        [
            111
        ],
        [
            113
        ],
        [
            83
        ],
        [
            107
        ],
        null,
        null,
        null,
        [
            93
        ],
        [
            94
        ],
        [
            86
        ]
    ],
    "Track_ID": 19,
    "classification": "non-motile",
    "probability_motility": 0.3674374624606618
}
```

## `00020.json`

**경로:** `components/syn/fsw/cfs/owls/assets/asdp000000002/predict/00020.json`


```text
{
    "Times": [
        114,
        115,
        116,
        117,
        118,
        119,
        120,
        121,
        122,
        123,
        124,
        125,
        126,
        127,
        128,
        129,
        130
    ],
    "Particles_Position": [
        [
            24.2,
            480.2
        ],
        [
            36.8,
            461.3
        ],
        [
            42.8,
            451.8
        ],
        [
            46.8,
            442.5
        ],
        [
            53.4,
            432.1
        ],
        [
            58.2,
            421.3
        ],
        [
            74.1,
            396.2
        ],
        [
            69.2,
            403.0
        ],
        [
            64.1,
            413.1
        ],
        [
            78.1,
            387.4
        ],
        [
            87.7,
            369.6
        ],
        [
            82.8,
            378.4
        ],
        [
            93.7,
            360.6
        ],
        [
            99.5,
            351.5
        ],
        [
            104.8,
            339.8
        ],
        [
            110.8,
            331.0
        ],
        [
            116.2,
            321.9
        ]
    ],
    "Particles_Estimated_Position": [
        [
            24.2,
            480.2
        ],
        [
            36.8,
            461.3
        ],
        [
            42.8,
            451.8
        ],
        [
            46.8,
            442.5
        ],
        [
            53.4,
            432.1
        ],
        [
            58.2,
            421.3
        ],
        [
            74.1,
            396.2
        ],
        [
            69.2,
            403.0
        ],
        [
            64.1,
            413.1
        ],
        [
            78.1,
            387.4
        ],
        [
            87.7,
            369.6
        ],
        [
            82.8,
            378.4
        ],
        [
            93.7,
            360.6
        ],
        [
            99.5,
            351.5
        ],
        [
            104.8,
            339.8
        ],
        [
            110.8,
            331.0
        ],
        [
            116.2,
            321.9
        ]
    ],
    "Particles_Size": [
        6,
        9,
        12,
        6,
        12,
        19,
        13,
        11,
        15,
        13,
        19,
        16,
        17,
        15,
        13,
        11,
        17
    ],
    "Particles_Bbox": [
        [
            [
                23,
                478
            ],
            [
                3,
                4
            ]
        ],
        [
            [
                35,
                460
            ],
            [
                4,
                3
            ]
        ],
        [
            [
                40,
                450
            ],
            [
                5,
                4
            ]
        ],
        [
            [
                45,
                441
            ],
            [
                4,
                3
            ]
        ],
        [
            [
                51,
                430
            ],
            [
                4,
                4
            ]
        ],
        [
            [
                55,
                419
            ],
            [
                6,
                5
            ]
        ],
        [
            [
                72,
                394
            ],
            [
                4,
                4
            ]
        ],
        [
            [
                66,
                401
            ],
            [
                5,
                4
            ]
        ],
        [
            [
                62,
                411
            ],
            [
                4,
                4
            ]
        ],
        [
            [
                76,
                386
            ],
            [
                4,
                3
            ]
        ],
        [
            [
                84,
                366
            ],
            [
                6,
                6
            ]
        ],
        [
            [
                80,
                376
            ],
            [
                5,
                5
            ]
        ],
        [
            [
                90,
                359
            ],
            [
                6,
                4
            ]
        ],
        [
            [
                98,
                348
            ],
            [
                3,
                6
            ]
        ],
        [
            [
                102,
                337
            ],
            [
                5,
                5
            ]
        ],
        [
            [
                109,
                328
            ],
            [
                4,
                5
            ]
        ],
        [
            [
                112,
                319
            ],
            [
                9,
                13
            ]
        ]
    ],
    "Particles_Max_Intensity": [
        [
            83
        ],
        [
            84
        ],
        [
            85
        ],
        [
            85
        ],
        [
            82
        ],
        [
            100
        ],
        [
            87
        ],
        [
            113
        ],
        [
            88
        ],
        [
            84
        ],
        [
            116
        ],
        [
            98
        ],
        [
            112
        ],
        [
            107
        ],
        [
            107
        ],
        [
            95
        ],
        [
            111
        ]
    ],
    "Track_ID": 20,
    "classification": "motile",
    "probability_motility": 0.5580289278518035
}
```

## `00021.json`

**경로:** `components/syn/fsw/cfs/owls/assets/asdp000000002/predict/00021.json`


```text
{
    "Times": [
        116,
        117,
        118,
        119,
        120,
        121,
        122,
        123,
        124,
        125,
        126,
        127,
        128,
        129,
        130,
        131,
        132,
        133,
        134,
        135,
        136,
        137,
        138,
        139,
        140,
        141,
        142,
        143,
        144,
        145,
        146,
        147,
        148,
        149,
        150,
        151,
        152,
        153,
        154,
        155,
        156,
        157
    ],
    "Particles_Position": [
        [
            884.8,
            236.4
        ],
        [
            887.8,
            231.7
        ],
        [
            892.5,
            227.8
        ],
        [
            896.8,
            221.5
        ],
        [
            907.5,
            206.3
        ],
        [
            907.2,
            210.1
        ],
        [
            899.9,
            216.5
        ],
        [
            910.5,
            200.6
        ],
        [
            917.8,
            191.1
        ],
        [
            914.3,
            196.6
        ],
        [
            919.5,
            185.9
        ],
        [
            924.0,
            179.5
        ],
        null,
        [
            933.0,
            168.0
        ],
        [
            938.4,
            163.9
        ],
        [
            944.3,
            144.9
        ],
        [
            941.2,
            159.3
        ],
        [
            946.1,
            155.1
        ],
        [
            951.0,
            140.4
        ],
        [
            954.0,
            135.9
        ],
        [
            959.1,
            131.5
        ],
        [
            960.9,
            126.1
        ],
        [
            973.6,
            112.4
        ],
        [
            966.2,
            122.3
        ],
        [
            976.3,
            107.1
        ],
        [
            970.7,
            117.6
        ],
        [
            980.5,
            103.3
        ],
        [
            986.4,
            92.3
        ],
        [
            982.9,
            96.8
        ],
        [
            990.0,
            87.2
        ],
        [
            995.2,
            78.8
        ],
        [
            998.3,
            75.0
        ],
        [
            1005.0,
            67.4
        ],
        [
            993.6,
            83.3
        ],
        [
            1000.7,
            71.3
        ],
        [
            1007.2,
            63.3
        ],
        [
            1009.1,
            58.6
        ],
        [
            1012.9,
            54.4
        ],
        [
            1015.0,
            51.3
        ],
        [
            1017.2,
            47.2
        ],
        [
            1019.8,
            43.6
        ],
        [
            1021.0,
            38.8
        ]
    ],
    "Particles_Estimated_Position": [
        [
            884.8,
            236.4
        ],
        [
            887.8,
            231.7
        ],
        [
            892.5,
            227.8
        ],
        [
            896.8,
            221.5
        ],
        [
            907.5,
            206.3
        ],
        [
            907.2,
            210.1
        ],
        [
            899.9,
            216.5
        ],
        [
            910.5,
            200.6
        ],
        [
            917.8,
            191.1
        ],
        [
            914.3,
            196.6
        ],
        [
            919.5,
            185.9
        ],
        [
            924.0,
            179.5
        ],
        [
            928.5,
            173.75
        ],
        [
            933.0,
            168.0
        ],
        [
            938.4,
            163.9
        ],
        [
            944.3,
            144.9
        ],
        [
            941.2,
            159.3
        ],
        [
            946.1,
            155.1
        ],
        [
            951.0,
            140.4
        ],
        [
            954.0,
            135.9
        ],
        [
            959.1,
            131.5
        ],
        [
            960.9,
            126.1
        ],
        [
            973.6,
            112.4
        ],
        [
            966.2,
            122.3
        ],
        [
            976.3,
            107.1
        ],
        [
            970.7,
            117.6
        ],
        [
            980.5,
            103.3
        ],
        [
            986.4,
            92.3
        ],
        [
            982.9,
            96.8
        ],
        [
            990.0,
            87.2
        ],
        [
            995.2,
            78.8
        ],
        [
            998.3,
            75.0
        ],
        [
            1005.0,
            67.4
        ],
        [
            993.6,
            83.3
        ],
        [
            1000.7,
            71.3
        ],
        [
            1007.2,
            63.3
        ],
        [
            1009.1,
            58.6
        ],
        [
            1012.9,
            54.4
        ],
        [
            1015.0,
            51.3
        ],
        [
            1017.2,
            47.2
        ],
        [
            1019.8,
            43.6
        ],
        [
            1021.0,
            38.8
        ]
    ],
    "Particles_Size": [
        13,
        6,
        11,
        15,
        13,
        9,
        15,
        12,
        21,
        24,
        15,
        10,
        null,
        11,
        16,
        13,
        26,
        8,
        18,
        22,
        14,
        15,
        14,
        16,
        20,
        15,
        15,
        25,
        21,
        32,
        25,
        24,
        12,
        29,
        19,
        23,
        22,
        24,
        20,
        24,
        24,
        14
    ],
    "Particles_Bbox": [
        [
            [
                877,
                231
            ],
            [
                17,
                8
            ]
        ],
        [
            [
                880,
                228
            ],
            [
                18,
                6
            ]
        ],
        [
            [
                885,
                224
            ],
            [
                16,
                8
            ]
        ],
        [
            [
                889,
                216
            ],
            [
                17,
                10
            ]
        ],
        [
            [
                900,
                202
            ],
            [
                16,
                8
            ]
        ],
        [
            [
                897,
                205
            ],
            [
                17,
                8
            ]
        ],
        [
            [
                893,
                211
            ],
            [
                17,
                9
            ]
        ],
        [
            [
                903,
                196
            ],
            [
                19,
                8
            ]
        ],
        [
            [
                910,
                186
            ],
            [
                16,
                9
            ]
        ],
        [
            [
                906,
                192
            ],
            [
                16,
                9
            ]
        ],
        [
            [
                911,
                181
            ],
            [
                18,
                11
            ]
        ],
        [
            [
                917,
                175
            ],
            [
                17,
                9
            ]
        ],
        null,
        [
            [
                926,
                164
            ],
            [
                16,
                8
            ]
        ],
        [
            [
                929,
                159
            ],
            [
                16,
                9
            ]
        ],
        [
            [
                941,
                142
            ],
            [
                14,
                9
            ]
        ],
        [
            [
                933,
                154
            ],
            [
                15,
                10
            ]
        ],
        [
            [
                937,
                149
            ],
            [
                14,
                10
            ]
        ],
        [
            [
                945,
                136
            ],
            [
                14,
                8
            ]
        ],
        [
            [
                948,
                131
            ],
            [
                15,
                10
            ]
        ],
        [
            [
                952,
                127
            ],
            [
                14,
                9
            ]
        ],
        [
            [
                955,
                121
            ],
            [
                15,
                10
            ]
        ],
        [
            [
                966,
                107
            ],
            [
                14,
                10
            ]
        ],
        [
            [
                959,
                118
            ],
            [
                14,
                7
            ]
        ],
        [
            [
                969,
                103
            ],
            [
                15,
                7
            ]
        ],
        [
            [
                962,
                112
            ],
            [
                15,
                10
            ]
        ],
        [
            [
                972,
                100
            ],
            [
                15,
                6
            ]
        ],
        [
            [
                980,
                87
            ],
            [
                14,
                9
            ]
        ],
        [
            [
                976,
                92
            ],
            [
                15,
                7
            ]
        ],
        [
            [
                983,
                82
            ],
            [
                14,
                8
            ]
        ],
        [
            [
                989,
                74
            ],
            [
                13,
                8
            ]
        ],
        [
            [
                992,
                70
            ],
            [
                14,
                8
            ]
        ],
        [
            [
                998,
                63
            ],
            [
                13,
                7
            ]
        ],
        [
            [
                985,
                78
            ],
            [
                15,
                9
            ]
        ],
        [
            [
                994,
                67
            ],
            [
                14,
                7
            ]
        ],
        [
            [
                1001,
                59
            ],
            [
                13,
                8
            ]
        ],
        [
            [
                1003,
                55
            ],
            [
                14,
                7
            ]
        ],
        [
            [
                1006,
                51
            ],
            [
                13,
                7
            ]
        ],
        [
            [
                1009,
                47
            ],
            [
                13,
                8
            ]
        ],
        [
            [
                1011,
                44
            ],
            [
                10,
                6
            ]
        ],
        [
            [
                1014,
                40
            ],
            [
                9,
                7
            ]
        ],
        [
            [
                1016,
                36
            ],
            [
                7,
                5
            ]
        ]
    ],
    "Particles_Max_Intensity": [
        [
            98
        ],
        [
            102
        ],
        [
            108
        ],
        [
            109
        ],
        [
            102
        ],
        [
            98
        ],
        [
            94
        ],
        [
            107
        ],
        [
            98
        ],
        [
            109
        ],
        [
            106
        ],
        [
            99
        ],
        null,
        [
            110
        ],
        [
            105
        ],
        [
            127
        ],
        [
            105
        ],
        [
            98
        ],
        [
            116
        ],
        [
            123
        ],
        [
            116
        ],
        [
            103
        ],
        [
            94
        ],
        [
            91
        ],
        [
            98
        ],
        [
            105
        ],
        [
            94
        ],
        [
            106
        ],
        [
            113
        ],
        [
            111
        ],
        [
            97
        ],
        [
            108
        ],
        [
            93
        ],
        [
            111
        ],
        [
            91
        ],
        [
            99
        ],
        [
            93
        ],
        [
            99
        ],
        [
            110
        ],
        [
            103
        ],
        [
            105
        ],
        [
            106
        ]
    ],
    "Track_ID": 21,
    "classification": "non-motile",
    "probability_motility": 0.37789796570494955
}
```

## `00022.json`

**경로:** `components/syn/fsw/cfs/owls/assets/asdp000000002/predict/00022.json`


```text
{
    "Times": [
        131,
        132,
        133,
        134,
        135,
        136,
        137,
        138,
        139,
        140,
        141,
        142,
        143,
        144,
        145,
        146,
        147,
        148,
        149,
        150,
        151,
        152,
        153,
        154,
        155,
        156,
        157,
        158,
        159,
        160,
        161,
        162,
        163,
        164,
        165,
        166,
        167,
        168,
        169
    ],
    "Particles_Position": [
        [
            131.4,
            291.5
        ],
        [
            119.3,
            312.6
        ],
        [
            125.7,
            302.9
        ],
        [
            136.8,
            282.1
        ],
        [
            142.3,
            273.7
        ],
        [
            146.1,
            264.6
        ],
        [
            150.6,
            256.6
        ],
        [
            166.2,
            230.9
        ],
        [
            156.8,
            247.9
        ],
        [
            170.5,
            223.2
        ],
        [
            161.9,
            239.3
        ],
        [
            175.3,
            215.3
        ],
        [
            184.9,
            198.2
        ],
        [
            180.1,
            205.8
        ],
        [
            189.2,
            189.6
        ],
        [
            198.0,
            175.5
        ],
        [
            201.3,
            169.3
        ],
        [
            208.4,
            154.9
        ],
        [
            193.5,
            182.1
        ],
        [
            205.0,
            161.9
        ],
        [
            212.0,
            148.2
        ],
        [
            216.1,
            140.8
        ],
        [
            219.6,
            133.9
        ],
        [
            223.2,
            127.8
        ],
        [
            226.8,
            121.0
        ],
        [
            230.0,
            114.7
        ],
        [
            233.8,
            108.0
        ],
        [
            237.9,
            100.8
        ],
        [
            247.3,
            83.1
        ],
        [
            242.4,
            92.5
        ],
        [
            251.9,
            73.8
        ],
        [
            255.9,
            65.4
        ],
        [
            260.0,
            57.5
        ],
        [
            263.5,
            51.6
        ],
        [
            270.5,
            36.6
        ],
        [
            266.8,
            43.8
        ],
        [
            278.9,
            18.3
        ],
        [
            283.8,
            9.4
        ],
        [
            274.5,
            28.2
        ]
    ],
    "Particles_Estimated_Position": [
        [
            131.4,
            291.5
        ],
        [
            119.3,
            312.6
        ],
        [
            125.7,
            302.9
        ],
        [
            136.8,
            282.1
        ],
        [
            142.3,
            273.7
        ],
        [
            146.1,
            264.6
        ],
        [
            150.6,
            256.6
        ],
        [
            166.2,
            230.9
        ],
        [
            156.8,
            247.9
        ],
        [
            170.5,
            223.2
        ],
        [
            161.9,
            239.3
        ],
        [
            175.3,
            215.3
        ],
        [
            184.9,
            198.2
        ],
        [
            180.1,
            205.8
        ],
        [
            189.2,
            189.6
        ],
        [
            198.0,
            175.5
        ],
        [
            201.3,
            169.3
        ],
        [
            208.4,
            154.9
        ],
        [
            193.5,
            182.1
        ],
        [
            205.0,
            161.9
        ],
        [
            212.0,
            148.2
        ],
        [
            216.1,
            140.8
        ],
        [
            219.6,
            133.9
        ],
        [
            223.2,
            127.8
        ],
        [
            226.8,
            121.0
        ],
        [
            230.0,
            114.7
        ],
        [
            233.8,
            108.0
        ],
        [
            237.9,
            100.8
        ],
        [
            247.3,
            83.1
        ],
        [
            242.4,
            92.5
        ],
        [
            251.9,
            73.8
        ],
        [
            255.9,
            65.4
        ],
        [
            260.0,
            57.5
        ],
        [
            263.5,
            51.6
        ],
        [
            270.5,
            36.6
        ],
        [
            266.8,
            43.8
        ],
        [
            278.9,
            18.3
        ],
        [
            283.8,
            9.4
        ],
        [
            274.5,
            28.2
        ]
    ],
    "Particles_Size": [
        10,
        15,
        9,
        15,
        10,
        11,
        14,
        9,
        11,
        11,
        10,
        10,
        10,
        12,
        13,
        8,
        10,
        10,
        11,
        11,
        13,
        14,
        9,
        6,
        11,
        11,
        11,
        9,
        13,
        8,
        14,
        11,
        11,
        12,
        8,
        13,
        7,
        8,
        11
    ],
    "Particles_Bbox": [
        [
            [
                130,
                290
            ],
            [
                3,
                3
            ]
        ],
        [
            [
                104,
                311
            ],
            [
                18,
                3
            ]
        ],
        [
            [
                124,
                302
            ],
            [
                3,
                2
            ]
        ],
        [
            [
                134,
                279
            ],
            [
                5,
                5
            ]
        ],
        [
            [
                141,
                272
            ],
            [
                3,
                3
            ]
        ],
        [
            [
                143,
                263
            ],
            [
                5,
                3
            ]
        ],
        [
            [
                147,
                255
            ],
            [
                6,
                3
            ]
        ],
        [
            [
                163,
                230
            ],
            [
                5,
                2
            ]
        ],
        [
            [
                155,
                246
            ],
            [
                3,
                3
            ]
        ],
        [
            [
                169,
                222
            ],
            [
                3,
                3
            ]
        ],
        [
            [
                160,
                238
            ],
            [
                3,
                3
            ]
        ],
        [
            [
                174,
                214
            ],
            [
                3,
                3
            ]
        ],
        [
            [
                184,
                197
            ],
            [
                2,
                3
            ]
        ],
        [
            [
                177,
                204
            ],
            [
                5,
                3
            ]
        ],
        [
            [
                186,
                188
            ],
            [
                5,
                3
            ]
        ],
        [
            [
                197,
                174
            ],
            [
                2,
                3
            ]
        ],
        [
            [
                200,
                168
            ],
            [
                3,
                3
            ]
        ],
        [
            [
                207,
                153
            ],
            [
                3,
                4
            ]
        ],
        [
            [
                190,
                180
            ],
            [
                5,
                4
            ]
        ],
        [
            [
                204,
                160
            ],
            [
                2,
                4
            ]
        ],
        [
            [
                209,
                145
            ],
            [
                5,
                5
            ]
        ],
        [
            [
                215,
                138
            ],
            [
                3,
                5
            ]
        ],
        [
            [
                219,
                132
            ],
            [
                2,
                4
            ]
        ],
        [
            [
                222,
                126
            ],
            [
                2,
                4
            ]
        ],
        [
            [
                225,
                119
            ],
            [
                3,
                4
            ]
        ],
        [
            [
                229,
                112
            ],
            [
                2,
                5
            ]
        ],
        [
            [
                232,
                105
            ],
            [
                3,
                5
            ]
        ],
        [
            [
                237,
                98
            ],
            [
                2,
                5
            ]
        ],
        [
            [
                246,
                80
            ],
            [
                3,
                6
            ]
        ],
        [
            [
                241,
                89
            ],
            [
                3,
                6
            ]
        ],
        [
            [
                251,
                71
            ],
            [
                2,
                5
            ]
        ],
        [
            [
                255,
                62
            ],
            [
                2,
                6
            ]
        ],
        [
            [
                259,
                55
            ],
            [
                2,
                5
            ]
        ],
        [
            [
                262,
                48
            ],
            [
                3,
                6
            ]
        ],
        [
            [
                270,
                33
            ],
            [
                2,
                6
            ]
        ],
        [
            [
                266,
                40
            ],
            [
                2,
                6
            ]
        ],
        [
            [
                278,
                15
            ],
            [
                2,
                6
            ]
        ],
        [
            [
                283,
                3
            ],
            [
                2,
                10
            ]
        ],
        [
            [
                273,
                25
            ],
            [
                3,
                6
            ]
        ]
    ],
    "Particles_Max_Intensity": [
        [
            67
        ],
        [
            104
        ],
        [
            56
        ],
        [
            122
        ],
        [
            68
        ],
        [
            96
        ],
        [
            83
        ],
        [
            114
        ],
        [
            91
        ],
        [
            67
        ],
        [
            86
        ],
        [
            78
        ],
        [
            82
        ],
        [
            93
        ],
        [
            116
        ],
        [
            73
        ],
        [
            68
        ],
        [
            80
        ],
        [
            105
        ],
        [
            78
        ],
        [
            110
        ],
        [
            90
        ],
        [
            72
        ],
        [
            76
        ],
        [
            72
        ],
        [
            74
        ],
        [
            99
        ],
        [
            83
        ],
        [
            86
        ],
        [
            82
        ],
        [
            85
        ],
        [
            74
        ],
        [
            89
        ],
        [
            87
        ],
        [
            74
        ],
        [
            91
        ],
        [
            77
        ],
        [
            88
        ],
        [
            84
        ]
    ],
    "Track_ID": 22,
    "classification": "motile",
    "probability_motility": 0.5335829755347745
}
```

## `00023.json`

**경로:** `components/syn/fsw/cfs/owls/assets/asdp000000002/predict/00023.json`


```text
{
    "Times": [
        131,
        132,
        133,
        134,
        135,
        136,
        137,
        138,
        139,
        140,
        141,
        142,
        143,
        144,
        145,
        146,
        147,
        148,
        149,
        150,
        151,
        152,
        153,
        154,
        155,
        156,
        157,
        158,
        159,
        160,
        161,
        162,
        163,
        164,
        165,
        166,
        167,
        168,
        169,
        170,
        171,
        172,
        173,
        174,
        175,
        176,
        177,
        178,
        179,
        180,
        181,
        182,
        183,
        184,
        185,
        186,
        187,
        188,
        189,
        190,
        191,
        192,
        193,
        194,
        195,
        196,
        197,
        198,
        199,
        200,
        201,
        202,
        203,
        204,
        205,
        206,
        207,
        208,
        209,
        210,
        211,
        212,
        213,
        214,
        215,
        216,
        217,
        218,
        219,
        220,
        221,
        222,
        223,
        224,
        225,
        226,
        227,
        228,
        229,
        230,
        231,
        232,
        233
    ],
    "Particles_Position": [
        [
            720.6,
            871.2
        ],
        [
            713.9,
            882.7
        ],
        [
            715.4,
            875.3
        ],
        [
            724.9,
            867.3
        ],
        [
            726.5,
            865.1
        ],
        [
            729.1,
            860.6
        ],
        [
            736.3,
            858.4
        ],
        [
            745.2,
            849.5
        ],
        [
            738.8,
            855.3
        ],
        [
            749.4,
            847.1
        ],
        [
            742.1,
            851.5
        ],
        [
            751.5,
            843.6
        ],
        [
            759.7,
            836.9
        ],
        [
            754.5,
            839.4
        ],
        [
            761.7,
            832.6
        ],
        [
            769.9,
            829.1
        ],
        [
            772.2,
            826.8
        ],
        [
            777.9,
            820.3
        ],
        [
            766.0,
            830.6
        ],
        [
            777.1,
            825.0
        ],
        [
            777.3,
            817.7
        ],
        [
            781.5,
            816.0
        ],
        [
            786.0,
            812.7
        ],
        [
            785.6,
            810.6
        ],
        [
            787.5,
            808.2
        ],
        [
            791.1,
            805.2
        ],
        [
            793.4,
            803.2
        ],
        [
            797.1,
            799.1
        ],
        [
            805.7,
            794.1
        ],
        [
            800.9,
            796.1
        ],
        [
            807.6,
            788.7
        ],
        [
            812.2,
            789.9
        ],
        [
            813.8,
            783.2
        ],
        [
            816.0,
            779.7
        ],
        [
            825.8,
            774.8
        ],
        [
            818.8,
            776.0
        ],
        [
            831.5,
            767.3
        ],
        [
            832.4,
            759.4
        ],
        [
            825.7,
            769.5
        ],
        [
            839.3,
            755.8
        ],
        [
            837.8,
            757.2
        ],
        [
            841.6,
            753.7
        ],
        [
            844.2,
            749.2
        ],
        [
            849.2,
            746.3
        ],
        [
            854.7,
            743.2
        ],
        [
            856.8,
            740.4
        ],
        [
            860.8,
            734.5
        ],
        [
            858.8,
            737.1
        ],
        [
            864.9,
            729.5
        ],
        [
            867.9,
            726.7
        ],
        [
            873.2,
            723.9
        ],
        [
            877.5,
            720.3
        ],
        [
            880.4,
            716.6
        ],
        [
            883.3,
            713.9
        ],
        [
            887.0,
            711.4
        ],
        [
            891.9,
            707.2
        ],
        [
            895.2,
            704.9
        ],
        [
            898.1,
            700.7
        ],
        [
            910.4,
            687.6
        ],
        [
            905.1,
            690.7
        ],
        [
            914.1,
            686.1
        ],
        [
            903.0,
            694.8
        ],
        [
            917.8,
            683.9
        ],
        [
            919.2,
            682.3
        ],
        [
            924.6,
            678.5
        ],
        [
            929.0,
            673.2
        ],
        [
            934.5,
            668.1
        ],
        [
            936.8,
            666.6
        ],
        [
            938.8,
            664.0
        ],
        [
            955.9,
            646.8
        ],
        [
            947.0,
            652.0
        ],
        [
            939.7,
            659.7
        ],
        [
            943.3,
            657.6
        ],
        [
            952.4,
            650.2
        ],
        [
            961.0,
            644.6
        ],
        [
            965.0,
            638.3
        ],
        [
            962.0,
            641.4
        ],
        [
            966.2,
            634.0
        ],
        [
            975.1,
            624.0
        ],
        [
            971.5,
            628.4
        ],
        [
            969.0,
            630.7
        ],
        [
            980.2,
            622.8
        ],
        [
            982.2,
            619.7
        ],
        [
            988.1,
            619.1
        ],
        [
            988.9,
            612.6
        ],
        [
            992.6,
            611.6
        ],
        [
            994.7,
            606.9
        ],
        [
            995.7,
            604.9
        ],
        [
            999.0,
            597.2
        ],
        [
            1001.1,
            594.5
        ],
        [
            1003.3,
            592.5
        ],
        [
            1006.0,
            591.4
        ],
        [
            1010.0,
            581.5
        ],
        [
            1008.4,
            587.5
        ],
        [
            1011.1,
            580.9
        ],
        [
            1011.9,
            580.0
        ],
        [
            1015.9,
            575.4
        ],
        [
            1016.0,
            571.7
        ],
        [
            1017.9,
            565.1
        ],
        [
            1020.9,
            556.2
        ],
        [
            1020.9,
            570.2
        ],
        [
            1019.4,
            565.1
        ],
        [
            1021.4,
            552.9
        ]
    ],
    "Particles_Estimated_Position": [
        [
            720.6,
            871.2
        ],
        [
            713.9,
            882.7
        ],
        [
            715.4,
            875.3
        ],
        [
            724.9,
            867.3
        ],
        [
            726.5,
            865.1
        ],
        [
            729.1,
            860.6
        ],
        [
            736.3,
            858.4
        ],
        [
            745.2,
            849.5
        ],
        [
            738.8,
            855.3
        ],
        [
            749.4,
            847.1
        ],
        [
            742.1,
            851.5
        ],
        [
            751.5,
            843.6
        ],
        [
            759.7,
            836.9
        ],
        [
            754.5,
            839.4
        ],
        [
            761.7,
            832.6
        ],
        [
            769.9,
            829.1
        ],
        [
            772.2,
            826.8
        ],
        [
            777.9,
            820.3
        ],
        [
            766.0,
            830.6
        ],
        [
            777.1,
            825.0
        ],
        [
            777.3,
            817.7
        ],
        [
            781.5,
            816.0
        ],
        [
            786.0,
            812.7
        ],
        [
            785.6,
            810.6
        ],
        [
            787.5,
            808.2
        ],
        [
            791.1,
            805.2
        ],
        [
            793.4,
            803.2
        ],
        [
            797.1,
            799.1
        ],
        [
            805.7,
            794.1
        ],
        [
            800.9,
            796.1
        ],
        [
            807.6,
            788.7
        ],
        [
            812.2,
            789.9
        ],
        [
            813.8,
            783.2
        ],
        [
            816.0,
            779.7
        ],
        [
            825.8,
            774.8
        ],
        [
            818.8,
            776.0
        ],
        [
            831.5,
            767.3
        ],
        [
            832.4,
            759.4
        ],
        [
            825.7,
            769.5
        ],
        [
            839.3,
            755.8
        ],
        [
            837.8,
            757.2
        ],
        [
            841.6,
            753.7
        ],
        [
            844.2,
            749.2
        ],
        [
            849.2,
            746.3
        ],
        [
            854.7,
            743.2
        ],
        [
            856.8,
            740.4
        ],
        [
            860.8,
            734.5
        ],
        [
            858.8,
            737.1
        ],
        [
            864.9,
            729.5
        ],
        [
            867.9,
            726.7
        ],
        [
            873.2,
            723.9
        ],
        [
            877.5,
            720.3
        ],
        [
            880.4,
            716.6
        ],
        [
            883.3,
            713.9
        ],
        [
            887.0,
            711.4
        ],
        [
            891.9,
            707.2
        ],
        [
            895.2,
            704.9
        ],
        [
            898.1,
            700.7
        ],
        [
            910.4,
            687.6
        ],
        [
            905.1,
            690.7
        ],
        [
            914.1,
            686.1
        ],
        [
            903.0,
            694.8
        ],
        [
            917.8,
            683.9
        ],
        [
            919.2,
            682.3
        ],
        [
            924.6,
            678.5
        ],
        [
            929.0,
            673.2
        ],
        [
            934.5,
            668.1
        ],
        [
            936.8,
            666.6
        ],
        [
            938.8,
            664.0
        ],
        [
            955.9,
            646.8
        ],
        [
            947.0,
            652.0
        ],
        [
            939.7,
            659.7
        ],
        [
            943.3,
            657.6
        ],
        [
            952.4,
            650.2
        ],
        [
            961.0,
            644.6
        ],
        [
            965.0,
            638.3
        ],
        [
            962.0,
            641.4
        ],
        [
            966.2,
            634.0
        ],
        [
            975.1,
            624.0
        ],
        [
            971.5,
            628.4
        ],
        [
            969.0,
            630.7
        ],
        [
            980.2,
            622.8
        ],
        [
            982.2,
            619.7
        ],
        [
            988.1,
            619.1
        ],
        [
            988.9,
            612.6
        ],
        [
            992.6,
            611.6
        ],
        [
            994.7,
            606.9
        ],
        [
            995.7,
            604.9
        ],
        [
            999.0,
            597.2
        ],
        [
            1001.1,
            594.5
        ],
        [
            1003.3,
            592.5
        ],
        [
            1006.0,
            591.4
        ],
        [
            1010.0,
            581.5
        ],
        [
            1008.4,
            587.5
        ],
        [
            1011.1,
            580.9
        ],
        [
            1011.9,
            580.0
        ],
        [
            1015.9,
            575.4
        ],
        [
            1016.0,
            571.7
        ],
        [
            1017.9,
            565.1
        ],
        [
            1020.9,
            556.2
        ],
        [
            1020.9,
            570.2
        ],
        [
            1019.4,
            565.1
        ],
        [
            1021.4,
            552.9
        ]
    ],
    "Particles_Size": [
        67,
        47,
        62,
        75,
        54,
        42,
        52,
        52,
        89,
        70,
        52,
        82,
        74,
        79,
        72,
        68,
        53,
        48,
        67,
        45,
        53,
        51,
        56,
        69,
        82,
        75,
        68,
        78,
        58,
        83,
        77,
        33,
        64,
        32,
        53,
        60,
        42,
        66,
        44,
        35,
        31,
        38,
        44,
        95,
        71,
        98,
        64,
        96,
        58,
        55,
        48,
        47,
        57,
        67,
        69,
        35,
        65,
        71,
        107,
        91,
        184,
        81,
        110,
        61,
        52,
        76,
        49,
        70,
        62,
        48,
        45,
        104,
        67,
        57,
        48,
        82,
        69,
        82,
        117,
        60,
        64,
        61,
        40,
        22,
        29,
        25,
        22,
        23,
        29,
        37,
        102,
        71,
        97,
        96,
        80,
        62,
        57,
        52,
        33,
        12,
        8,
        38,
        7
    ],
    "Particles_Bbox": [
        [
            [
                701,
                861
            ],
            [
                38,
                29
            ]
        ],
        [
            [
                686,
                872
            ],
            [
                45,
                22
            ]
        ],
        [
            [
                697,
                854
            ],
            [
                38,
                35
            ]
        ],
        [
            [
                705,
                852
            ],
            [
                36,
                34
            ]
        ],
        [
            [
                715,
                846
            ],
            [
                26,
                30
            ]
        ],
        [
            [
                721,
                845
            ],
            [
                28,
                25
            ]
        ],
        [
            [
                715,
                847
            ],
            [
                38,
                23
            ]
        ],
        [
            [
                732,
                838
            ],
            [
                29,
                23
            ]
        ],
        [
            [
                722,
                842
            ],
            [
                42,
                29
            ]
        ],
        [
            [
                735,
                835
            ],
            [
                31,
                24
            ]
        ],
        [
            [
                730,
                841
            ],
            [
                30,
                29
            ]
        ],
        [
            [
                738,
                828
            ],
            [
                31,
                28
            ]
        ],
        [
            [
                746,
                822
            ],
            [
                30,
                39
            ]
        ],
        [
            [
                742,
                823
            ],
            [
                28,
                30
            ]
        ],
        [
            [
                749,
                818
            ],
            [
                29,
                30
            ]
        ],
        [
            [
                754,
                817
            ],
            [
                32,
                23
            ]
        ],
        [
            [
                757,
                815
            ],
            [
                31,
                20
            ]
        ],
        [
            [
                762,
                809
            ],
            [
                29,
                22
            ]
        ],
        [
            [
                753,
                819
            ],
            [
                29,
                23
            ]
        ],
        [
            [
                761,
                812
            ],
            [
                28,
                31
            ]
        ],
        [
            [
                748,
                804
            ],
            [
                46,
                27
            ]
        ],
        [
            [
                767,
                803
            ],
            [
                30,
                25
            ]
        ],
        [
            [
                770,
                797
            ],
            [
                30,
                27
            ]
        ],
        [
            [
                755,
                794
            ],
            [
                47,
                30
            ]
        ],
        [
            [
                758,
                791
            ],
            [
                56,
                41
            ]
        ],
        [
            [
                762,
                788
            ],
            [
                55,
                41
            ]
        ],
        [
            [
                765,
                786
            ],
            [
                46,
                30
            ]
        ],
        [
            [
                769,
                782
            ],
            [
                42,
                36
            ]
        ],
        [
            [
                792,
                777
            ],
            [
                27,
                29
            ]
        ],
        [
            [
                774,
                778
            ],
            [
                47,
                34
            ]
        ],
        [
            [
                783,
                769
            ],
            [
                43,
                34
            ]
        ],
        [
            [
                803,
                775
            ],
            [
                21,
                31
            ]
        ],
        [
            [
                790,
                761
            ],
            [
                39,
                44
            ]
        ],
        [
            [
                794,
                758
            ],
            [
                36,
                43
            ]
        ],
        [
            [
                801,
                752
            ],
            [
                37,
                36
            ]
        ],
        [
            [
                797,
                754
            ],
            [
                36,
                48
            ]
        ],
        [
            [
                819,
                751
            ],
            [
                26,
                30
            ]
        ],
        [
            [
                812,
                736
            ],
            [
                36,
                41
            ]
        ],
        [
            [
                804,
                746
            ],
            [
                36,
                39
            ]
        ],
        [
            [
                830,
                744
            ],
            [
                20,
                25
            ]
        ],
        [
            [
                818,
                733
            ],
            [
                30,
                39
            ]
        ],
        [
            [
                830,
                741
            ],
            [
                25,
                25
            ]
        ],
        [
            [
                836,
                735
            ],
            [
                20,
                29
            ]
        ],
        [
            [
                834,
                730
            ],
            [
                30,
                31
            ]
        ],
        [
            [
                837,
                728
            ],
            [
                30,
                29
            ]
        ],
        [
            [
                844,
                723
            ],
            [
                27,
                31
            ]
        ],
        [
            [
                851,
                720
            ],
            [
                27,
                33
            ]
        ],
        [
            [
                846,
                719
            ],
            [
                28,
                32
            ]
        ],
        [
            [
                851,
                713
            ],
            [
                31,
                30
            ]
        ],
        [
            [
                854,
                709
            ],
            [
                32,
                33
            ]
        ],
        [
            [
                863,
                706
            ],
            [
                23,
                31
            ]
        ],
        [
            [
                861,
                706
            ],
            [
                36,
                33
            ]
        ],
        [
            [
                865,
                701
            ],
            [
                29,
                29
            ]
        ],
        [
            [
                869,
                697
            ],
            [
                30,
                30
            ]
        ],
        [
            [
                871,
                698
            ],
            [
                29,
                26
            ]
        ],
        [
            [
                877,
                694
            ],
            [
                28,
                25
            ]
        ],
        [
            [
                879,
                691
            ],
            [
                29,
                28
            ]
        ],
        [
            [
                883,
                688
            ],
            [
                28,
                25
            ]
        ],
        [
            [
                893,
                674
            ],
            [
                35,
                27
            ]
        ],
        [
            [
                888,
                674
            ],
            [
                44,
                31
            ]
        ],
        [
            [
                896,
                669
            ],
            [
                40,
                35
            ]
        ],
        [
            [
                885,
                679
            ],
            [
                38,
                28
            ]
        ],
        [
            [
                901,
                670
            ],
            [
                37,
                25
            ]
        ],
        [
            [
                904,
                669
            ],
            [
                24,
                23
            ]
        ],
        [
            [
                915,
                662
            ],
            [
                29,
                26
            ]
        ],
        [
            [
                904,
                659
            ],
            [
                39,
                31
            ]
        ],
        [
            [
                922,
                656
            ],
            [
                30,
                25
            ]
        ],
        [
            [
                923,
                653
            ],
            [
                27,
                24
            ]
        ],
        [
            [
                915,
                647
            ],
            [
                38,
                43
            ]
        ],
        [
            [
                942,
                633
            ],
            [
                26,
                27
            ]
        ],
        [
            [
                917,
                634
            ],
            [
                46,
                29
            ]
        ],
        [
            [
                919,
                640
            ],
            [
                36,
                47
            ]
        ],
        [
            [
                913,
                639
            ],
            [
                46,
                44
            ]
        ],
        [
            [
                935,
                636
            ],
            [
                45,
                24
            ]
        ],
        [
            [
                945,
                636
            ],
            [
                33,
                20
            ]
        ],
        [
            [
                951,
                622
            ],
            [
                28,
                26
            ]
        ],
        [
            [
                948,
                626
            ],
            [
                27,
                27
            ]
        ],
        [
            [
                949,
                618
            ],
            [
                30,
                26
            ]
        ],
        [
            [
                958,
                610
            ],
            [
                33,
                25
            ]
        ],
        [
            [
                960,
                613
            ],
            [
                27,
                26
            ]
        ],
        [
            [
                957,
                616
            ],
            [
                27,
                25
            ]
        ],
        [
            [
                964,
                607
            ],
            [
                30,
                39
            ]
        ],
        [
            [
                970,
                607
            ],
            [
                22,
                22
            ]
        ],
        [
            [
                982,
                607
            ],
            [
                11,
                19
            ]
        ],
        [
            [
                976,
                598
            ],
            [
                27,
                26
            ]
        ],
        [
            [
                981,
                597
            ],
            [
                23,
                24
            ]
        ],
        [
            [
                982,
                593
            ],
            [
                24,
                24
            ]
        ],
        [
            [
                984,
                594
            ],
            [
                25,
                16
            ]
        ],
        [
            [
                987,
                586
            ],
            [
                26,
                21
            ]
        ],
        [
            [
                989,
                585
            ],
            [
                27,
                25
            ]
        ],
        [
            [
                987,
                577
            ],
            [
                34,
                43
            ]
        ],
        [
            [
                990,
                579
            ],
            [
                32,
                25
            ]
        ],
        [
            [
                994,
                568
            ],
            [
                29,
                30
            ]
        ],
        [
            [
                997,
                573
            ],
            [
                26,
                28
            ]
        ],
        [
            [
                997,
                569
            ],
            [
                26,
                40
            ]
        ],
        [
            [
                1002,
                566
            ],
            [
                21,
                26
            ]
        ],
        [
            [
                1005,
                559
            ],
            [
                18,
                30
            ]
        ],
        [
            [
                1006,
                555
            ],
            [
                17,
                44
            ]
        ],
        [
            [
                1008,
                552
            ],
            [
                15,
                31
            ]
        ],
        [
            [
                1017,
                548
            ],
            [
                6,
                17
            ]
        ],
        [
            [
                1016,
                561
            ],
            [
                7,
                30
            ]
        ],
        [
            [
                1011,
                551
            ],
            [
                12,
                29
            ]
        ],
        [
            [
                1019,
                546
            ],
            [
                4,
                21
            ]
        ]
    ],
    "Particles_Max_Intensity": [
        [
            122
        ],
        [
            115
        ],
        [
            121
        ],
        [
            126
        ],
        [
            126
        ],
        [
            134
        ],
        [
            123
        ],
        [
            139
        ],
        [
            134
        ],
        [
            136
        ],
        [
            132
        ],
        [
            132
        ],
        [
            130
        ],
        [
            134
        ],
        [
            122
        ],
        [
            114
        ],
        [
            121
        ],
        [
            111
        ],
        [
            114
        ],
        [
            120
        ],
        [
            109
        ],
        [
            113
        ],
        [
            110
        ],
        [
            122
        ],
        [
            123
        ],
        [
            124
        ],
        [
            113
        ],
        [
            113
        ],
        [
            107
        ],
        [
            114
        ],
        [
            111
        ],
        [
            109
        ],
        [
            118
        ],
        [
            118
        ],
        [
            113
        ],
        [
            111
        ],
        [
            107
        ],
        [
            122
        ],
        [
            119
        ],
        [
            113
        ],
        [
            120
        ],
        [
            114
        ],
        [
            118
        ],
        [
            125
        ],
        [
            119
        ],
        [
            114
        ],
        [
            128
        ],
        [
            130
        ],
        [
            127
        ],
        [
            126
        ],
        [
            118
        ],
        [
            121
        ],
        [
            125
        ],
        [
            120
        ],
        [
            117
        ],
        [
            108
        ],
        [
            112
        ],
        [
            120
        ],
        [
            121
        ],
        [
            122
        ],
        [
            116
        ],
        [
            124
        ],
        [
            117
        ],
        [
            112
        ],
        [
            110
        ],
        [
            121
        ],
        [
            101
        ],
        [
            101
        ],
        [
            112
        ],
        [
            108
        ],
        [
            104
        ],
        [
            110
        ],
        [
            103
        ],
        [
            103
        ],
        [
            110
        ],
        [
            109
        ],
        [
            109
        ],
        [
            110
        ],
        [
            114
        ],
        [
            108
        ],
        [
            108
        ],
        [
            117
        ],
        [
            116
        ],
        [
            115
        ],
        [
            127
        ],
        [
            120
        ],
        [
            106
        ],
        [
            105
        ],
        [
            105
        ],
        [
            113
        ],
        [
            109
        ],
        [
            116
        ],
        [
            112
        ],
        [
            114
        ],
        [
            111
        ],
        [
            120
        ],
        [
            100
        ],
        [
            105
        ],
        [
            105
        ],
        [
            102
        ],
        [
            98
        ],
        [
            108
        ],
        [
            126
        ]
    ],
    "Track_ID": 23,
    "classification": "non-motile",
    "probability_motility": 0.39215155290000847
}
```

## `00024.json`

**경로:** `components/syn/fsw/cfs/owls/assets/asdp000000002/predict/00024.json`


```text
{
    "Times": [
        135,
        136,
        137,
        138,
        139,
        140,
        141,
        142,
        143,
        144,
        145,
        146,
        147,
        148,
        149,
        150
    ],
    "Particles_Position": [
        [
            682.8,
            866.5
        ],
        [
            686.8,
            862.4
        ],
        [
            691.9,
            859.3
        ],
        [
            705.1,
            846.9
        ],
        [
            696.1,
            855.7
        ],
        [
            708.6,
            843.4
        ],
        [
            700.4,
            851.6
        ],
        [
            712.2,
            839.5
        ],
        [
            722.8,
            830.8
        ],
        [
            718.4,
            835.0
        ],
        [
            727.0,
            826.1
        ],
        [
            733.1,
            818.4
        ],
        [
            736.3,
            814.3
        ],
        null,
        [
            730.3,
            821.8
        ],
        [
            739.8,
            810.2
        ]
    ],
    "Particles_Estimated_Position": [
        [
            682.8,
            866.5
        ],
        [
            686.8,
            862.4
        ],
        [
            691.9,
            859.3
        ],
        [
            705.1,
            846.9
        ],
        [
            696.1,
            855.7
        ],
        [
            708.6,
            843.4
        ],
        [
            700.4,
            851.6
        ],
        [
            712.2,
            839.5
        ],
        [
            722.8,
            830.8
        ],
        [
            718.4,
            835.0
        ],
        [
            727.0,
            826.1
        ],
        [
            733.1,
            818.4
        ],
        [
            736.3,
            814.3
        ],
        [
            733.3,
            818.05
        ],
        [
            730.3,
            821.8
        ],
        [
            739.8,
            810.2
        ]
    ],
    "Particles_Size": [
        10,
        8,
        9,
        8,
        9,
        7,
        5,
        6,
        8,
        8,
        7,
        7,
        6,
        null,
        10,
        5
    ],
    "Particles_Bbox": [
        [
            [
                682,
                865
            ],
            [
                2,
                3
            ]
        ],
        [
            [
                686,
                861
            ],
            [
                2,
                3
            ]
        ],
        [
            [
                691,
                858
            ],
            [
                2,
                3
            ]
        ],
        [
            [
                704,
                846
            ],
            [
                2,
                2
            ]
        ],
        [
            [
                695,
                854
            ],
            [
                2,
                3
            ]
        ],
        [
            [
                708,
                842
            ],
            [
                2,
                3
            ]
        ],
        [
            [
                700,
                850
            ],
            [
                1,
                3
            ]
        ],
        [
            [
                711,
                838
            ],
            [
                2,
                3
            ]
        ],
        [
            [
                722,
                829
            ],
            [
                2,
                3
            ]
        ],
        [
            [
                717,
                834
            ],
            [
                3,
                2
            ]
        ],
        [
            [
                726,
                825
            ],
            [
                2,
                2
            ]
        ],
        [
            [
                732,
                817
            ],
            [
                2,
                3
            ]
        ],
        [
            [
                735,
                813
            ],
            [
                2,
                3
            ]
        ],
        null,
        [
            [
                729,
                820
            ],
            [
                3,
                3
            ]
        ],
        [
            [
                739,
                809
            ],
            [
                2,
                2
            ]
        ]
    ],
    "Particles_Max_Intensity": [
        [
            72
        ],
        [
            72
        ],
        [
            69
        ],
        [
            64
        ],
        [
            72
        ],
        [
            74
        ],
        [
            79
        ],
        [
            72
        ],
        [
            82
        ],
        [
            68
        ],
        [
            79
        ],
        [
            81
        ],
        [
            80
        ],
        null,
        [
            84
        ],
        [
            73
        ]
    ],
    "Track_ID": 24,
    "classification": "non-motile",
    "probability_motility": 0.3183742679739712
}
```

## `00025.json`

**경로:** `components/syn/fsw/cfs/owls/assets/asdp000000002/predict/00025.json`


```text
{
    "Times": [
        167,
        168,
        169,
        170,
        171,
        172,
        173,
        174,
        175,
        176,
        177,
        178,
        179,
        180,
        181,
        182,
        183,
        184,
        185,
        186,
        187,
        188,
        189,
        190,
        191,
        192
    ],
    "Particles_Position": [
        [
            346.3,
            1020.1
        ],
        [
            352.0,
            1014.1
        ],
        [
            337.7,
            1020.2
        ],
        [
            362.8,
            1005.6
        ],
        [
            358.0,
            1011.0
        ],
        [
            367.5,
            998.6
        ],
        [
            372.8,
            995.2
        ],
        [
            376.4,
            989.9
        ],
        [
            383.0,
            985.1
        ],
        [
            388.0,
            979.5
        ],
        [
            397.8,
            967.9
        ],
        [
            392.6,
            972.0
        ],
        [
            404.1,
            961.9
        ],
        [
            410.3,
            956.0
        ],
        [
            413.8,
            949.8
        ],
        [
            419.2,
            943.2
        ],
        [
            425.0,
            940.2
        ],
        [
            429.6,
            933.9
        ],
        [
            435.4,
            929.4
        ],
        [
            441.5,
            922.2
        ],
        [
            446.7,
            916.6
        ],
        [
            451.8,
            910.8
        ],
        [
            472.5,
            890.7
        ],
        [
            464.7,
            894.3
        ],
        [
            479.1,
            884.2
        ],
        [
            461.8,
            903.2
        ]
    ],
    "Particles_Estimated_Position": [
        [
            346.3,
            1020.1
        ],
        [
            352.0,
            1014.1
        ],
        [
            337.7,
            1020.2
        ],
        [
            362.8,
            1005.6
        ],
        [
            358.0,
            1011.0
        ],
        [
            367.5,
            998.6
        ],
        [
            372.8,
            995.2
        ],
        [
            376.4,
            989.9
        ],
        [
            383.0,
            985.1
        ],
        [
            388.0,
            979.5
        ],
        [
            397.8,
            967.9
        ],
        [
            392.6,
            972.0
        ],
        [
            404.1,
            961.9
        ],
        [
            410.3,
            956.0
        ],
        [
            413.8,
            949.8
        ],
        [
            419.2,
            943.2
        ],
        [
            425.0,
            940.2
        ],
        [
            429.6,
            933.9
        ],
        [
            435.4,
            929.4
        ],
        [
            441.5,
            922.2
        ],
        [
            446.7,
            916.6
        ],
        [
            451.8,
            910.8
        ],
        [
            472.5,
            890.7
        ],
        [
            464.7,
            894.3
        ],
        [
            479.1,
            884.2
        ],
        [
            461.8,
            903.2
        ]
    ],
    "Particles_Size": [
        13,
        26,
        6,
        23,
        30,
        17,
        14,
        19,
        23,
        28,
        24,
        32,
        14,
        15,
        15,
        13,
        29,
        22,
        20,
        13,
        29,
        12,
        22,
        30,
        22,
        25
    ],
    "Particles_Bbox": [
        [
            [
                340,
                1016
            ],
            [
                11,
                7
            ]
        ],
        [
            [
                346,
                1006
            ],
            [
                11,
                15
            ]
        ],
        [
            [
                334,
                1018
            ],
            [
                12,
                5
            ]
        ],
        [
            [
                356,
                997
            ],
            [
                12,
                13
            ]
        ],
        [
            [
                351,
                1002
            ],
            [
                12,
                14
            ]
        ],
        [
            [
                361,
                990
            ],
            [
                12,
                15
            ]
        ],
        [
            [
                367,
                992
            ],
            [
                11,
                7
            ]
        ],
        [
            [
                368,
                984
            ],
            [
                15,
                10
            ]
        ],
        [
            [
                377,
                976
            ],
            [
                13,
                13
            ]
        ],
        [
            [
                381,
                973
            ],
            [
                13,
                11
            ]
        ],
        [
            [
                392,
                961
            ],
            [
                14,
                11
            ]
        ],
        [
            [
                386,
                967
            ],
            [
                15,
                11
            ]
        ],
        [
            [
                402,
                959
            ],
            [
                6,
                8
            ]
        ],
        [
            [
                407,
                953
            ],
            [
                10,
                7
            ]
        ],
        [
            [
                407,
                942
            ],
            [
                12,
                14
            ]
        ],
        [
            [
                411,
                940
            ],
            [
                13,
                7
            ]
        ],
        [
            [
                418,
                933
            ],
            [
                15,
                12
            ]
        ],
        [
            [
                423,
                924
            ],
            [
                12,
                15
            ]
        ],
        [
            [
                429,
                921
            ],
            [
                12,
                13
            ]
        ],
        [
            [
                439,
                920
            ],
            [
                7,
                6
            ]
        ],
        [
            [
                438,
                911
            ],
            [
                15,
                11
            ]
        ],
        [
            [
                449,
                906
            ],
            [
                6,
                10
            ]
        ],
        [
            [
                465,
                886
            ],
            [
                12,
                13
            ]
        ],
        [
            [
                456,
                888
            ],
            [
                16,
                13
            ]
        ],
        [
            [
                473,
                879
            ],
            [
                11,
                11
            ]
        ],
        [
            [
                458,
                898
            ],
            [
                10,
                11
            ]
        ]
    ],
    "Particles_Max_Intensity": [
        [
            101
        ],
        [
            132
        ],
        [
            113
        ],
        [
            108
        ],
        [
            119
        ],
        [
            123
        ],
        [
            114
        ],
        [
            97
        ],
        [
            105
        ],
        [
            114
        ],
        [
            110
        ],
        [
            110
        ],
        [
            114
        ],
        [
            104
        ],
        [
            93
        ],
        [
            108
        ],
        [
            108
        ],
        [
            104
        ],
        [
            96
        ],
        [
            111
        ],
        [
            115
        ],
        [
            108
        ],
        [
            103
        ],
        [
            102
        ],
        [
            104
        ],
        [
            101
        ]
    ],
    "Track_ID": 25,
    "classification": "non-motile",
    "probability_motility": 0.3808647811259086
}
```

## `00026.json`

**경로:** `components/syn/fsw/cfs/owls/assets/asdp000000002/predict/00026.json`


```text
{
    "Times": [
        171,
        172,
        173,
        174,
        175,
        176,
        177,
        178,
        179,
        180,
        181,
        182,
        183,
        184,
        185,
        186,
        187,
        188
    ],
    "Particles_Position": [
        [
            622.5,
            142.5
        ],
        [
            632.0,
            129.4
        ],
        [
            635.7,
            123.7
        ],
        [
            638.1,
            116.7
        ],
        [
            644.0,
            111.6
        ],
        [
            647.8,
            104.6
        ],
        [
            655.5,
            90.2
        ],
        [
            650.5,
            97.2
        ],
        [
            660.0,
            85.3
        ],
        [
            664.1,
            78.4
        ],
        [
            668.8,
            72.9
        ],
        [
            669.6,
            64.8
        ],
        [
            677.2,
            59.5
        ],
        null,
        [
            683.5,
            44.3
        ],
        [
            687.7,
            37.1
        ],
        [
            691.8,
            29.8
        ],
        [
            696.7,
            23.1
        ]
    ],
    "Particles_Estimated_Position": [
        [
            622.5,
            142.5
        ],
        [
            632.0,
            129.4
        ],
        [
            635.7,
            123.7
        ],
        [
            638.1,
            116.7
        ],
        [
            644.0,
            111.6
        ],
        [
            647.8,
            104.6
        ],
        [
            655.5,
            90.2
        ],
        [
            650.5,
            97.2
        ],
        [
            660.0,
            85.3
        ],
        [
            664.1,
            78.4
        ],
        [
            668.8,
            72.9
        ],
        [
            669.6,
            64.8
        ],
        [
            677.2,
            59.5
        ],
        [
            680.35,
            51.9
        ],
        [
            683.5,
            44.3
        ],
        [
            687.7,
            37.1
        ],
        [
            691.8,
            29.8
        ],
        [
            696.7,
            23.1
        ]
    ],
    "Particles_Size": [
        6,
        8,
        9,
        10,
        9,
        16,
        16,
        20,
        7,
        7,
        8,
        8,
        10,
        null,
        20,
        7,
        11,
        15
    ],
    "Particles_Bbox": [
        [
            [
                617,
                137
            ],
            [
                10,
                8
            ]
        ],
        [
            [
                628,
                126
            ],
            [
                8,
                5
            ]
        ],
        [
            [
                632,
                121
            ],
            [
                7,
                4
            ]
        ],
        [
            [
                633,
                111
            ],
            [
                15,
                8
            ]
        ],
        [
            [
                636,
                107
            ],
            [
                16,
                7
            ]
        ],
        [
            [
                641,
                101
            ],
            [
                15,
                6
            ]
        ],
        [
            [
                649,
                74
            ],
            [
                15,
                19
            ]
        ],
        [
            [
                644,
                93
            ],
            [
                13,
                9
            ]
        ],
        [
            [
                656,
                84
            ],
            [
                9,
                3
            ]
        ],
        [
            [
                657,
                74
            ],
            [
                12,
                6
            ]
        ],
        [
            [
                664,
                70
            ],
            [
                12,
                5
            ]
        ],
        [
            [
                665,
                62
            ],
            [
                10,
                6
            ]
        ],
        [
            [
                669,
                56
            ],
            [
                12,
                5
            ]
        ],
        null,
        [
            [
                677,
                40
            ],
            [
                16,
                7
            ]
        ],
        [
            [
                682,
                35
            ],
            [
                11,
                4
            ]
        ],
        [
            [
                686,
                27
            ],
            [
                11,
                5
            ]
        ],
        [
            [
                690,
                20
            ],
            [
                11,
                5
            ]
        ]
    ],
    "Particles_Max_Intensity": [
        [
            126
        ],
        [
            120
        ],
        [
            112
        ],
        [
            114
        ],
        [
            120
        ],
        [
            111
        ],
        [
            106
        ],
        [
            110
        ],
        [
            89
        ],
        [
            122
        ],
        [
            104
        ],
        [
            100
        ],
        [
            83
        ],
        null,
        [
            101
        ],
        [
            106
        ],
        [
            88
        ],
        [
            94
        ]
    ],
    "Track_ID": 26,
    "classification": "non-motile",
    "probability_motility": 0.254513705672487
}
```

## `00027.json`

**경로:** `components/syn/fsw/cfs/owls/assets/asdp000000002/predict/00027.json`


```text
{
    "Times": [
        193,
        194,
        195,
        196,
        197,
        198,
        199,
        200,
        201,
        202,
        203,
        204,
        205,
        206,
        207,
        208,
        209,
        210,
        211,
        212,
        213,
        214,
        215,
        216,
        217,
        218,
        219,
        220,
        221,
        222,
        223,
        224,
        225,
        226,
        227,
        228,
        229,
        230,
        231,
        232,
        233,
        234,
        235,
        236,
        237,
        238,
        239,
        240,
        241,
        242,
        243,
        244,
        245,
        246
    ],
    "Particles_Position": [
        [
            655.3,
            708.0
        ],
        [
            662.5,
            698.0
        ],
        [
            670.9,
            688.2
        ],
        [
            685.4,
            678.7
        ],
        [
            694.0,
            673.6
        ],
        [
            700.5,
            670.2
        ],
        [
            712.6,
            665.6
        ],
        [
            738.0,
            650.2
        ],
        [
            732.2,
            657.3
        ],
        [
            718.6,
            663.4
        ],
        [
            730.2,
            662.2
        ],
        [
            735.4,
            655.4
        ],
        [
            741.7,
            642.8
        ],
        [
            749.9,
            635.0
        ],
        [
            745.9,
            640.3
        ],
        [
            753.9,
            628.1
        ],
        [
            768.9,
            608.7
        ],
        [
            762.1,
            615.5
        ],
        [
            757.6,
            623.5
        ],
        [
            775.9,
            602.3
        ],
        [
            782.4,
            596.9
        ],
        [
            792.7,
            589.7
        ],
        [
            801.8,
            587.2
        ],
        [
            812.2,
            584.7
        ],
        [
            820.9,
            584.8
        ],
        [
            829.7,
            582.8
        ],
        [
            837.1,
            583.2
        ],
        [
            845.6,
            585.5
        ],
        [
            851.5,
            589.9
        ],
        [
            854.5,
            590.5
        ],
        [
            858.6,
            589.9
        ],
        [
            856.5,
            590.8
        ],
        [
            857.1,
            588.0
        ],
        [
            856.2,
            585.5
        ],
        [
            860.7,
            580.8
        ],
        [
            862.3,
            577.6
        ],
        [
            865.0,
            572.7
        ],
        [
            875.5,
            566.2
        ],
        [
            870.5,
            564.9
        ],
        [
            866.4,
            568.6
        ],
        [
            880.7,
            564.2
        ],
        [
            884.8,
            563.8
        ],
        [
            889.1,
            564.8
        ],
        [
            894.9,
            563.9
        ],
        [
            898.0,
            563.3
        ],
        [
            904.9,
            566.1
        ],
        [
            908.9,
            565.3
        ],
        [
            915.9,
            569.1
        ],
        [
            918.3,
            565.8
        ],
        [
            920.5,
            560.7
        ],
        [
            923.2,
            552.9
        ],
        [
            927.6,
            541.4
        ],
        [
            938.4,
            524.5
        ],
        [
            933.7,
            533.6
        ]
    ],
    "Particles_Estimated_Position": [
        [
            655.3,
            708.0
        ],
        [
            662.5,
            698.0
        ],
        [
            670.9,
            688.2
        ],
        [
            685.4,
            678.7
        ],
        [
            694.0,
            673.6
        ],
        [
            700.5,
            670.2
        ],
        [
            712.6,
            665.6
        ],
        [
            738.0,
            650.2
        ],
        [
            732.2,
            657.3
        ],
        [
            718.6,
            663.4
        ],
        [
            730.2,
            662.2
        ],
        [
            735.4,
            655.4
        ],
        [
            741.7,
            642.8
        ],
        [
            749.9,
            635.0
        ],
        [
            745.9,
            640.3
        ],
        [
            753.9,
            628.1
        ],
        [
            768.9,
            608.7
        ],
        [
            762.1,
            615.5
        ],
        [
            757.6,
            623.5
        ],
        [
            775.9,
            602.3
        ],
        [
            782.4,
            596.9
        ],
        [
            792.7,
            589.7
        ],
        [
            801.8,
            587.2
        ],
        [
            812.2,
            584.7
        ],
        [
            820.9,
            584.8
        ],
        [
            829.7,
            582.8
        ],
        [
            837.1,
            583.2
        ],
        [
            845.6,
            585.5
        ],
        [
            851.5,
            589.9
        ],
        [
            854.5,
            590.5
        ],
        [
            858.6,
            589.9
        ],
        [
            856.5,
            590.8
        ],
        [
            857.1,
            588.0
        ],
        [
            856.2,
            585.5
        ],
        [
            860.7,
            580.8
        ],
        [
            862.3,
            577.6
        ],
        [
            865.0,
            572.7
        ],
        [
            875.5,
            566.2
        ],
        [
            870.5,
            564.9
        ],
        [
            866.4,
            568.6
        ],
        [
            880.7,
            564.2
        ],
        [
            884.8,
            563.8
        ],
        [
            889.1,
            564.8
        ],
        [
            894.9,
            563.9
        ],
        [
            898.0,
            563.3
        ],
        [
            904.9,
            566.1
        ],
        [
            908.9,
            565.3
        ],
        [
            915.9,
            569.1
        ],
        [
            918.3,
            565.8
        ],
        [
            920.5,
            560.7
        ],
        [
            923.2,
            552.9
        ],
        [
            927.6,
            541.4
        ],
        [
            938.4,
            524.5
        ],
        [
            933.7,
            533.6
        ]
    ],
    "Particles_Size": [
        884,
        861,
        941,
        936,
        897,
        867,
        856,
        918,
        879,
        820,
        874,
        888,
        902,
        863,
        933,
        902,
        914,
        954,
        901,
        949,
        891,
        925,
        987,
        963,
        975,
        913,
        943,
        888,
        911,
        873,
        857,
        832,
        852,
        858,
        855,
        893,
        788,
        722,
        781,
        809,
        663,
        654,
        581,
        549,
        498,
        469,
        472,
        437,
        458,
        456,
        453,
        410,
        523,
        411
    ],
    "Particles_Bbox": [
        [
            [
                622,
                673
            ],
            [
                59,
                70
            ]
        ],
        [
            [
                638,
                671
            ],
            [
                54,
                52
            ]
        ],
        [
            [
                645,
                659
            ],
            [
                59,
                54
            ]
        ],
        [
            [
                655,
                655
            ],
            [
                68,
                55
            ]
        ],
        [
            [
                669,
                651
            ],
            [
                58,
                54
            ]
        ],
        [
            [
                677,
                632
            ],
            [
                50,
                70
            ]
        ],
        [
            [
                688,
                627
            ],
            [
                56,
                62
            ]
        ],
        [
            [
                707,
                626
            ],
            [
                63,
                62
            ]
        ],
        [
            [
                707,
                632
            ],
            [
                54,
                54
            ]
        ],
        [
            [
                697,
                624
            ],
            [
                45,
                81
            ]
        ],
        [
            [
                700,
                639
            ],
            [
                59,
                51
            ]
        ],
        [
            [
                704,
                631
            ],
            [
                54,
                55
            ]
        ],
        [
            [
                709,
                620
            ],
            [
                55,
                53
            ]
        ],
        [
            [
                724,
                612
            ],
            [
                52,
                58
            ]
        ],
        [
            [
                717,
                617
            ],
            [
                57,
                54
            ]
        ],
        [
            [
                728,
                605
            ],
            [
                55,
                53
            ]
        ],
        [
            [
                747,
                582
            ],
            [
                43,
                52
            ]
        ],
        [
            [
                734,
                584
            ],
            [
                56,
                61
            ]
        ],
        [
            [
                734,
                594
            ],
            [
                53,
                55
            ]
        ],
        [
            [
                750,
                579
            ],
            [
                47,
                50
            ]
        ],
        [
            [
                761,
                570
            ],
            [
                44,
                54
            ]
        ],
        [
            [
                764,
                569
            ],
            [
                57,
                47
            ]
        ],
        [
            [
                773,
                564
            ],
            [
                60,
                47
            ]
        ],
        [
            [
                790,
                559
            ],
            [
                49,
                53
            ]
        ],
        [
            [
                799,
                561
            ],
            [
                48,
                53
            ]
        ],
        [
            [
                808,
                560
            ],
            [
                47,
                51
            ]
        ],
        [
            [
                811,
                558
            ],
            [
                49,
                52
            ]
        ],
        [
            [
                826,
                562
            ],
            [
                41,
                49
            ]
        ],
        [
            [
                826,
                568
            ],
            [
                49,
                45
            ]
        ],
        [
            [
                835,
                563
            ],
            [
                40,
                52
            ]
        ],
        [
            [
                835,
                569
            ],
            [
                48,
                41
            ]
        ],
        [
            [
                836,
                571
            ],
            [
                44,
                39
            ]
        ],
        [
            [
                834,
                568
            ],
            [
                50,
                42
            ]
        ],
        [
            [
                831,
                564
            ],
            [
                58,
                41
            ]
        ],
        [
            [
                831,
                559
            ],
            [
                63,
                54
            ]
        ],
        [
            [
                832,
                545
            ],
            [
                65,
                74
            ]
        ],
        [
            [
                846,
                554
            ],
            [
                54,
                48
            ]
        ],
        [
            [
                859,
                550
            ],
            [
                32,
                39
            ]
        ],
        [
            [
                854,
                547
            ],
            [
                34,
                56
            ]
        ],
        [
            [
                842,
                544
            ],
            [
                41,
                48
            ]
        ],
        [
            [
                864,
                548
            ],
            [
                32,
                35
            ]
        ],
        [
            [
                866,
                548
            ],
            [
                34,
                35
            ]
        ],
        [
            [
                871,
                550
            ],
            [
                33,
                30
            ]
        ],
        [
            [
                878,
                549
            ],
            [
                31,
                41
            ]
        ],
        [
            [
                884,
                549
            ],
            [
                27,
                32
            ]
        ],
        [
            [
                889,
                552
            ],
            [
                28,
                37
            ]
        ],
        [
            [
                893,
                548
            ],
            [
                28,
                39
            ]
        ],
        [
            [
                898,
                554
            ],
            [
                30,
                30
            ]
        ],
        [
            [
                901,
                550
            ],
            [
                32,
                30
            ]
        ],
        [
            [
                906,
                542
            ],
            [
                27,
                39
            ]
        ],
        [
            [
                906,
                534
            ],
            [
                34,
                42
            ]
        ],
        [
            [
                915,
                528
            ],
            [
                26,
                26
            ]
        ],
        [
            [
                921,
                488
            ],
            [
                36,
                68
            ]
        ],
        [
            [
                904,
                498
            ],
            [
                49,
                61
            ]
        ]
    ],
    "Particles_Max_Intensity": [
        [
            131
        ],
        [
            119
        ],
        [
            122
        ],
        [
            118
        ],
        [
            124
        ],
        [
            122
        ],
        [
            115
        ],
        [
            122
        ],
        [
            112
        ],
        [
            112
        ],
        [
            124
        ],
        [
            121
        ],
        [
            126
        ],
        [
            113
        ],
        [
            130
        ],
        [
            125
        ],
        [
            121
        ],
        [
            117
        ],
        [
            113
        ],
        [
            119
        ],
        [
            125
        ],
        [
            137
        ],
        [
            127
        ],
        [
            136
        ],
        [
            133
        ],
        [
            123
        ],
        [
            124
        ],
        [
            141
        ],
        [
            120
        ],
        [
            137
        ],
        [
            126
        ],
        [
            129
        ],
        [
            126
        ],
        [
            130
        ],
        [
            128
        ],
        [
            118
        ],
        [
            120
        ],
        [
            108
        ],
        [
            110
        ],
        [
            117
        ],
        [
            114
        ],
        [
            114
        ],
        [
            112
        ],
        [
            115
        ],
        [
            119
        ],
        [
            117
        ],
        [
            121
        ],
        [
            107
        ],
        [
            107
        ],
        [
            102
        ],
        [
            114
        ],
        [
            100
        ],
        [
            112
        ],
        [
            117
        ]
    ],
    "Track_ID": 27,
    "classification": "motile",
    "probability_motility": 0.7460110099114994
}
```

## `00028.json`

**경로:** `components/syn/fsw/cfs/owls/assets/asdp000000002/predict/00028.json`


```text
{
    "Times": [
        200,
        201,
        202,
        203,
        204,
        205,
        206,
        207,
        208,
        209,
        210,
        211,
        212,
        213,
        214,
        215,
        216,
        217,
        218,
        219,
        220,
        221,
        222,
        223,
        224,
        225,
        226,
        227,
        228,
        229,
        230,
        231,
        232,
        233,
        234,
        235,
        236,
        237,
        238,
        239,
        240,
        241,
        242,
        243,
        244,
        245,
        246,
        247,
        248,
        249,
        250,
        251,
        252,
        253,
        254,
        255,
        256,
        257,
        258,
        259,
        260,
        261,
        262,
        263,
        264,
        265,
        266,
        267,
        268,
        269,
        270,
        271,
        272,
        273,
        274,
        275,
        276,
        277,
        278,
        279,
        280,
        281,
        282,
        283,
        284,
        285,
        286,
        287,
        288,
        289,
        290,
        291
    ],
    "Particles_Position": [
        [
            541.4,
            813.0
        ],
        [
            532.6,
            823.5
        ],
        [
            519.0,
            837.7
        ],
        [
            524.0,
            829.6
        ],
        [
            535.9,
            818.2
        ],
        [
            545.8,
            806.3
        ],
        [
            556.1,
            796.5
        ],
        [
            552.1,
            801.9
        ],
        [
            560.2,
            791.4
        ],
        [
            575.8,
            774.0
        ],
        [
            571.2,
            776.6
        ],
        [
            565.6,
            785.4
        ],
        [
            581.6,
            770.0
        ],
        [
            585.2,
            764.8
        ],
        [
            589.2,
            760.6
        ],
        [
            592.1,
            756.4
        ],
        [
            596.8,
            748.8
        ],
        [
            602.1,
            746.0
        ],
        [
            606.2,
            743.0
        ],
        [
            609.2,
            737.5
        ],
        [
            613.7,
            736.2
        ],
        [
            616.0,
            731.2
        ],
        [
            618.7,
            725.3
        ],
        [
            630.9,
            713.4
        ],
        [
            625.9,
            719.2
        ],
        [
            634.4,
            708.6
        ],
        [
            638.1,
            704.8
        ],
        [
            643.2,
            700.9
        ],
        [
            650.6,
            695.4
        ],
        [
            651.5,
            688.5
        ],
        [
            662.6,
            674.5
        ],
        [
            658.8,
            680.0
        ],
        [
            656.4,
            685.0
        ],
        [
            666.7,
            671.7
        ],
        [
            670.4,
            667.6
        ],
        [
            672.9,
            666.5
        ],
        [
            677.0,
            657.4
        ],
        [
            680.8,
            651.6
        ],
        [
            684.6,
            647.9
        ],
        [
            688.1,
            644.6
        ],
        [
            692.1,
            640.9
        ],
        [
            697.4,
            636.7
        ],
        [
            700.0,
            631.7
        ],
        [
            703.6,
            628.5
        ],
        [
            708.8,
            623.0
        ],
        [
            717.5,
            614.1
        ],
        [
            713.2,
            616.9
        ],
        [
            720.4,
            610.2
        ],
        [
            723.1,
            604.7
        ],
        [
            732.0,
            597.7
        ],
        [
            729.2,
            599.4
        ],
        [
            735.3,
            593.7
        ],
        [
            738.8,
            589.0
        ],
        [
            743.2,
            583.6
        ],
        [
            746.2,
            579.6
        ],
        [
            751.4,
            575.6
        ],
        [
            755.3,
            569.0
        ],
        [
            759.4,
            564.2
        ],
        [
            763.7,
            558.8
        ],
        [
            766.5,
            552.9
        ],
        [
            772.7,
            547.2
        ],
        [
            781.7,
            538.6
        ],
        [
            776.0,
            542.5
        ],
        [
            785.4,
            531.2
        ],
        [
            791.9,
            526.2
        ],
        [
            794.5,
            521.3
        ],
        [
            798.4,
            517.2
        ],
        [
            804.6,
            511.0
        ],
        [
            812.0,
            500.1
        ],
        [
            808.5,
            505.2
        ],
        [
            818.0,
            495.9
        ],
        [
            821.2,
            491.4
        ],
        [
            825.3,
            486.1
        ],
        [
            832.8,
            474.9
        ],
        [
            830.3,
            480.9
        ],
        [
            844.4,
            461.6
        ],
        [
            837.8,
            471.5
        ],
        [
            841.3,
            467.3
        ],
        [
            850.4,
            457.9
        ],
        [
            855.4,
            450.3
        ],
        [
            859.5,
            446.3
        ],
        [
            867.4,
            435.6
        ],
        [
            863.0,
            438.4
        ],
        [
            872.7,
            430.0
        ],
        [
            877.4,
            422.1
        ],
        [
            882.3,
            419.4
        ],
        [
            887.9,
            410.1
        ],
        [
            893.8,
            404.5
        ],
        [
            897.6,
            399.7
        ],
        [
            902.9,
            395.6
        ],
        [
            908.2,
            387.9
        ],
        [
            912.8,
            382.2
        ]
    ],
    "Particles_Estimated_Position": [
        [
            541.4,
            813.0
        ],
        [
            532.6,
            823.5
        ],
        [
            519.0,
            837.7
        ],
        [
            524.0,
            829.6
        ],
        [
            535.9,
            818.2
        ],
        [
            545.8,
            806.3
        ],
        [
            556.1,
            796.5
        ],
        [
            552.1,
            801.9
        ],
        [
            560.2,
            791.4
        ],
        [
            575.8,
            774.0
        ],
        [
            571.2,
            776.6
        ],
        [
            565.6,
            785.4
        ],
        [
            581.6,
            770.0
        ],
        [
            585.2,
            764.8
        ],
        [
            589.2,
            760.6
        ],
        [
            592.1,
            756.4
        ],
        [
            596.8,
            748.8
        ],
        [
            602.1,
            746.0
        ],
        [
            606.2,
            743.0
        ],
        [
            609.2,
            737.5
        ],
        [
            613.7,
            736.2
        ],
        [
            616.0,
            731.2
        ],
        [
            618.7,
            725.3
        ],
        [
            630.9,
            713.4
        ],
        [
            625.9,
            719.2
        ],
        [
            634.4,
            708.6
        ],
        [
            638.1,
            704.8
        ],
        [
            643.2,
            700.9
        ],
        [
            650.6,
            695.4
        ],
        [
            651.5,
            688.5
        ],
        [
            662.6,
            674.5
        ],
        [
            658.8,
            680.0
        ],
        [
            656.4,
            685.0
        ],
        [
            666.7,
            671.7
        ],
        [
            670.4,
            667.6
        ],
        [
            672.9,
            666.5
        ],
        [
            677.0,
            657.4
        ],
        [
            680.8,
            651.6
        ],
        [
            684.6,
            647.9
        ],
        [
            688.1,
            644.6
        ],
        [
            692.1,
            640.9
        ],
        [
            697.4,
            636.7
        ],
        [
            700.0,
            631.7
        ],
        [
            703.6,
            628.5
        ],
        [
            708.8,
            623.0
        ],
        [
            717.5,
            614.1
        ],
        [
            713.2,
            616.9
        ],
        [
            720.4,
            610.2
        ],
        [
            723.1,
            604.7
        ],
        [
            732.0,
            597.7
        ],
        [
            729.2,
            599.4
        ],
        [
            735.3,
            593.7
        ],
        [
            738.8,
            589.0
        ],
        [
            743.2,
            583.6
        ],
        [
            746.2,
            579.6
        ],
        [
            751.4,
            575.6
        ],
        [
            755.3,
            569.0
        ],
        [
            759.4,
            564.2
        ],
        [
            763.7,
            558.8
        ],
        [
            766.5,
            552.9
        ],
        [
            772.7,
            547.2
        ],
        [
            781.7,
            538.6
        ],
        [
            776.0,
            542.5
        ],
        [
            785.4,
            531.2
        ],
        [
            791.9,
            526.2
        ],
        [
            794.5,
            521.3
        ],
        [
            798.4,
            517.2
        ],
        [
            804.6,
            511.0
        ],
        [
            812.0,
            500.1
        ],
        [
            808.5,
            505.2
        ],
        [
            818.0,
            495.9
        ],
        [
            821.2,
            491.4
        ],
        [
            825.3,
            486.1
        ],
        [
            832.8,
            474.9
        ],
        [
            830.3,
            480.9
        ],
        [
            844.4,
            461.6
        ],
        [
            837.8,
            471.5
        ],
        [
            841.3,
            467.3
        ],
        [
            850.4,
            457.9
        ],
        [
            855.4,
            450.3
        ],
        [
            859.5,
            446.3
        ],
        [
            867.4,
            435.6
        ],
        [
            863.0,
            438.4
        ],
        [
            872.7,
            430.0
        ],
        [
            877.4,
            422.1
        ],
        [
            882.3,
            419.4
        ],
        [
            887.9,
            410.1
        ],
        [
            893.8,
            404.5
        ],
        [
            897.6,
            399.7
        ],
        [
            902.9,
            395.6
        ],
        [
            908.2,
            387.9
        ],
        [
            912.8,
            382.2
        ]
    ],
    "Particles_Size": [
        18,
        28,
        29,
        29,
        36,
        29,
        55,
        43,
        38,
        42,
        14,
        20,
        42,
        59,
        39,
        23,
        12,
        12,
        31,
        46,
        36,
        33,
        26,
        65,
        51,
        60,
        48,
        31,
        39,
        60,
        62,
        42,
        74,
        47,
        31,
        31,
        27,
        27,
        37,
        44,
        53,
        53,
        43,
        43,
        39,
        45,
        47,
        46,
        25,
        27,
        26,
        54,
        54,
        48,
        64,
        35,
        56,
        50,
        45,
        64,
        72,
        30,
        88,
        45,
        57,
        92,
        99,
        81,
        47,
        84,
        43,
        67,
        56,
        43,
        42,
        19,
        53,
        35,
        21,
        39,
        24,
        17,
        12,
        33,
        60,
        20,
        15,
        22,
        32,
        15,
        16,
        13
    ],
    "Particles_Bbox": [
        [
            [
                535,
                804
            ],
            [
                15,
                15
            ]
        ],
        [
            [
                523,
                817
            ],
            [
                17,
                13
            ]
        ],
        [
            [
                511,
                830
            ],
            [
                17,
                16
            ]
        ],
        [
            [
                517,
                822
            ],
            [
                17,
                18
            ]
        ],
        [
            [
                527,
                810
            ],
            [
                18,
                19
            ]
        ],
        [
            [
                537,
                798
            ],
            [
                17,
                19
            ]
        ],
        [
            [
                546,
                787
            ],
            [
                20,
                18
            ]
        ],
        [
            [
                546,
                791
            ],
            [
                15,
                21
            ]
        ],
        [
            [
                550,
                782
            ],
            [
                19,
                16
            ]
        ],
        [
            [
                562,
                765
            ],
            [
                24,
                19
            ]
        ],
        [
            [
                565,
                771
            ],
            [
                14,
                10
            ]
        ],
        [
            [
                555,
                777
            ],
            [
                18,
                18
            ]
        ],
        [
            [
                573,
                760
            ],
            [
                16,
                20
            ]
        ],
        [
            [
                577,
                755
            ],
            [
                17,
                19
            ]
        ],
        [
            [
                582,
                749
            ],
            [
                14,
                20
            ]
        ],
        [
            [
                585,
                745
            ],
            [
                17,
                20
            ]
        ],
        [
            [
                588,
                741
            ],
            [
                17,
                18
            ]
        ],
        [
            [
                591,
                741
            ],
            [
                16,
                10
            ]
        ],
        [
            [
                595,
                732
            ],
            [
                16,
                17
            ]
        ],
        [
            [
                599,
                728
            ],
            [
                20,
                17
            ]
        ],
        [
            [
                603,
                728
            ],
            [
                19,
                14
            ]
        ],
        [
            [
                607,
                721
            ],
            [
                27,
                17
            ]
        ],
        [
            [
                611,
                718
            ],
            [
                19,
                12
            ]
        ],
        [
            [
                620,
                703
            ],
            [
                32,
                33
            ]
        ],
        [
            [
                615,
                709
            ],
            [
                21,
                16
            ]
        ],
        [
            [
                624,
                698
            ],
            [
                20,
                21
            ]
        ],
        [
            [
                629,
                696
            ],
            [
                19,
                15
            ]
        ],
        [
            [
                634,
                692
            ],
            [
                18,
                19
            ]
        ],
        [
            [
                638,
                682
            ],
            [
                25,
                28
            ]
        ],
        [
            [
                642,
                678
            ],
            [
                19,
                20
            ]
        ],
        [
            [
                653,
                665
            ],
            [
                20,
                17
            ]
        ],
        [
            [
                652,
                670
            ],
            [
                15,
                19
            ]
        ],
        [
            [
                647,
                672
            ],
            [
                22,
                35
            ]
        ],
        [
            [
                654,
                660
            ],
            [
                23,
                20
            ]
        ],
        [
            [
                657,
                657
            ],
            [
                22,
                19
            ]
        ],
        [
            [
                664,
                661
            ],
            [
                19,
                11
            ]
        ],
        [
            [
                667,
                648
            ],
            [
                21,
                20
            ]
        ],
        [
            [
                671,
                645
            ],
            [
                21,
                12
            ]
        ],
        [
            [
                673,
                639
            ],
            [
                21,
                19
            ]
        ],
        [
            [
                677,
                634
            ],
            [
                21,
                18
            ]
        ],
        [
            [
                680,
                630
            ],
            [
                22,
                21
            ]
        ],
        [
            [
                686,
                627
            ],
            [
                21,
                20
            ]
        ],
        [
            [
                689,
                622
            ],
            [
                21,
                19
            ]
        ],
        [
            [
                691,
                617
            ],
            [
                23,
                22
            ]
        ],
        [
            [
                698,
                612
            ],
            [
                18,
                22
            ]
        ],
        [
            [
                708,
                603
            ],
            [
                18,
                21
            ]
        ],
        [
            [
                702,
                607
            ],
            [
                24,
                20
            ]
        ],
        [
            [
                711,
                599
            ],
            [
                19,
                21
            ]
        ],
        [
            [
                717,
                595
            ],
            [
                13,
                20
            ]
        ],
        [
            [
                721,
                587
            ],
            [
                21,
                17
            ]
        ],
        [
            [
                717,
                590
            ],
            [
                19,
                17
            ]
        ],
        [
            [
                724,
                580
            ],
            [
                21,
                23
            ]
        ],
        [
            [
                727,
                578
            ],
            [
                22,
                21
            ]
        ],
        [
            [
                732,
                573
            ],
            [
                23,
                20
            ]
        ],
        [
            [
                736,
                568
            ],
            [
                21,
                20
            ]
        ],
        [
            [
                741,
                565
            ],
            [
                21,
                19
            ]
        ],
        [
            [
                744,
                558
            ],
            [
                24,
                20
            ]
        ],
        [
            [
                749,
                554
            ],
            [
                26,
                21
            ]
        ],
        [
            [
                753,
                548
            ],
            [
                27,
                30
            ]
        ],
        [
            [
                752,
                540
            ],
            [
                30,
                25
            ]
        ],
        [
            [
                761,
                532
            ],
            [
                26,
                27
            ]
        ],
        [
            [
                773,
                527
            ],
            [
                20,
                21
            ]
        ],
        [
            [
                750,
                531
            ],
            [
                38,
                25
            ]
        ],
        [
            [
                775,
                521
            ],
            [
                22,
                21
            ]
        ],
        [
            [
                780,
                516
            ],
            [
                23,
                21
            ]
        ],
        [
            [
                784,
                509
            ],
            [
                24,
                24
            ]
        ],
        [
            [
                787,
                505
            ],
            [
                23,
                24
            ]
        ],
        [
            [
                793,
                499
            ],
            [
                25,
                24
            ]
        ],
        [
            [
                803,
                484
            ],
            [
                20,
                27
            ]
        ],
        [
            [
                798,
                494
            ],
            [
                23,
                23
            ]
        ],
        [
            [
                807,
                488
            ],
            [
                22,
                18
            ]
        ],
        [
            [
                812,
                479
            ],
            [
                24,
                22
            ]
        ],
        [
            [
                814,
                476
            ],
            [
                23,
                20
            ]
        ],
        [
            [
                822,
                463
            ],
            [
                24,
                22
            ]
        ],
        [
            [
                817,
                468
            ],
            [
                24,
                23
            ]
        ],
        [
            [
                835,
                455
            ],
            [
                22,
                14
            ]
        ],
        [
            [
                828,
                456
            ],
            [
                24,
                25
            ]
        ],
        [
            [
                832,
                455
            ],
            [
                21,
                21
            ]
        ],
        [
            [
                843,
                452
            ],
            [
                18,
                16
            ]
        ],
        [
            [
                843,
                439
            ],
            [
                24,
                23
            ]
        ],
        [
            [
                852,
                437
            ],
            [
                18,
                19
            ]
        ],
        [
            [
                859,
                424
            ],
            [
                20,
                23
            ]
        ],
        [
            [
                856,
                429
            ],
            [
                18,
                16
            ]
        ],
        [
            [
                867,
                420
            ],
            [
                13,
                20
            ]
        ],
        [
            [
                867,
                407
            ],
            [
                22,
                27
            ]
        ],
        [
            [
                877,
                415
            ],
            [
                17,
                10
            ]
        ],
        [
            [
                876,
                401
            ],
            [
                21,
                21
            ]
        ],
        [
            [
                889,
                395
            ],
            [
                15,
                17
            ]
        ],
        [
            [
                886,
                389
            ],
            [
                24,
                21
            ]
        ],
        [
            [
                896,
                392
            ],
            [
                15,
                12
            ]
        ],
        [
            [
                906,
                380
            ],
            [
                8,
                18
            ]
        ],
        [
            [
                910,
                375
            ],
            [
                14,
                18
            ]
        ]
    ],
    "Particles_Max_Intensity": [
        [
            105
        ],
        [
            106
        ],
        [
            111
        ],
        [
            109
        ],
        [
            119
        ],
        [
            106
        ],
        [
            122
        ],
        [
            115
        ],
        [
            110
        ],
        [
            117
        ],
        [
            114
        ],
        [
            120
        ],
        [
            123
        ],
        [
            125
        ],
        [
            123
        ],
        [
            112
        ],
        [
            113
        ],
        [
            99
        ],
        [
            112
        ],
        [
            112
        ],
        [
            107
        ],
        [
            102
        ],
        [
            97
        ],
        [
            116
        ],
        [
            117
        ],
        [
            125
        ],
        [
            124
        ],
        [
            121
        ],
        [
            96
        ],
        [
            111
        ],
        [
            107
        ],
        [
            117
        ],
        [
            106
        ],
        [
            115
        ],
        [
            115
        ],
        [
            116
        ],
        [
            102
        ],
        [
            96
        ],
        [
            105
        ],
        [
            106
        ],
        [
            101
        ],
        [
            102
        ],
        [
            107
        ],
        [
            112
        ],
        [
            107
        ],
        [
            101
        ],
        [
            92
        ],
        [
            101
        ],
        [
            105
        ],
        [
            107
        ],
        [
            113
        ],
        [
            106
        ],
        [
            104
        ],
        [
            113
        ],
        [
            112
        ],
        [
            105
        ],
        [
            105
        ],
        [
            104
        ],
        [
            112
        ],
        [
            117
        ],
        [
            102
        ],
        [
            102
        ],
        [
            111
        ],
        [
            101
        ],
        [
            101
        ],
        [
            105
        ],
        [
            107
        ],
        [
            106
        ],
        [
            107
        ],
        [
            104
        ],
        [
            100
        ],
        [
            104
        ],
        [
            96
        ],
        [
            92
        ],
        [
            94
        ],
        [
            98
        ],
        [
            98
        ],
        [
            87
        ],
        [
            96
        ],
        [
            103
        ],
        [
            97
        ],
        [
            99
        ],
        [
            107
        ],
        [
            103
        ],
        [
            105
        ],
        [
            101
        ],
        [
            110
        ],
        [
            98
        ],
        [
            102
        ],
        [
            105
        ],
        [
            113
        ],
        [
            118
        ]
    ],
    "Track_ID": 28,
    "classification": "non-motile",
    "probability_motility": 0.41474463383789995
}
```

## `00029.json`

**경로:** `components/syn/fsw/cfs/owls/assets/asdp000000002/predict/00029.json`


```text
{
    "Times": [
        225,
        226,
        227,
        228,
        229,
        230,
        231,
        232,
        233,
        234,
        235,
        236,
        237,
        238,
        239,
        240,
        241,
        242,
        243,
        244,
        245,
        246,
        247,
        248,
        249,
        250,
        251,
        252,
        253,
        254,
        255,
        256,
        257,
        258,
        259,
        260,
        261,
        262,
        263,
        264,
        265,
        266,
        267
    ],
    "Particles_Position": [
        [
            369.2,
            835.4
        ],
        [
            371.9,
            834.8
        ],
        [
            364.4,
            827.1
        ],
        [
            374.6,
            828.7
        ],
        [
            385.2,
            824.4
        ],
        [
            388.2,
            816.4
        ],
        [
            382.4,
            818.0
        ],
        [
            384.6,
            819.7
        ],
        [
            386.4,
            813.6
        ],
        null,
        [
            383.1,
            811.3
        ],
        [
            387.7,
            807.7
        ],
        [
            389.8,
            806.5
        ],
        [
            394.1,
            798.1
        ],
        [
            393.2,
            797.7
        ],
        [
            397.7,
            795.8
        ],
        [
            401.5,
            795.1
        ],
        [
            400.8,
            794.5
        ],
        [
            406.4,
            792.3
        ],
        [
            409.8,
            790.9
        ],
        [
            400.8,
            793.2
        ],
        [
            402.0,
            796.2
        ],
        [
            404.4,
            789.7
        ],
        [
            403.0,
            788.1
        ],
        [
            412.8,
            775.2
        ],
        [
            405.1,
            783.2
        ],
        [
            414.8,
            781.1
        ],
        [
            419.7,
            776.0
        ],
        [
            424.4,
            773.1
        ],
        [
            430.5,
            773.5
        ],
        [
            431.1,
            767.5
        ],
        [
            435.2,
            759.5
        ],
        [
            437.3,
            758.5
        ],
        [
            437.1,
            755.3
        ],
        [
            443.6,
            749.6
        ],
        [
            446.5,
            747.1
        ],
        [
            457.2,
            739.5
        ],
        [
            451.5,
            743.3
        ],
        [
            457.0,
            737.1
        ],
        [
            459.8,
            735.2
        ],
        [
            455.5,
            731.4
        ],
        [
            457.2,
            728.5
        ],
        [
            463.8,
            732.7
        ]
    ],
    "Particles_Estimated_Position": [
        [
            369.2,
            835.4
        ],
        [
            371.9,
            834.8
        ],
        [
            364.4,
            827.1
        ],
        [
            374.6,
            828.7
        ],
        [
            385.2,
            824.4
        ],
        [
            388.2,
            816.4
        ],
        [
            382.4,
            818.0
        ],
        [
            384.6,
            819.7
        ],
        [
            386.4,
            813.6
        ],
        [
            384.75,
            812.45
        ],
        [
            383.1,
            811.3
        ],
        [
            387.7,
            807.7
        ],
        [
            389.8,
            806.5
        ],
        [
            394.1,
            798.1
        ],
        [
            393.2,
            797.7
        ],
        [
            397.7,
            795.8
        ],
        [
            401.5,
            795.1
        ],
        [
            400.8,
            794.5
        ],
        [
            406.4,
            792.3
        ],
        [
            409.8,
            790.9
        ],
        [
            400.8,
            793.2
        ],
        [
            402.0,
            796.2
        ],
        [
            404.4,
            789.7
        ],
        [
            403.0,
            788.1
        ],
        [
            412.8,
            775.2
        ],
        [
            405.1,
            783.2
        ],
        [
            414.8,
            781.1
        ],
        [
            419.7,
            776.0
        ],
        [
            424.4,
            773.1
        ],
        [
            430.5,
            773.5
        ],
        [
            431.1,
            767.5
        ],
        [
            435.2,
            759.5
        ],
        [
            437.3,
            758.5
        ],
        [
            437.1,
            755.3
        ],
        [
            443.6,
            749.6
        ],
        [
            446.5,
            747.1
        ],
        [
            457.2,
            739.5
        ],
        [
            451.5,
            743.3
        ],
        [
            457.0,
            737.1
        ],
        [
            459.8,
            735.2
        ],
        [
            455.5,
            731.4
        ],
        [
            457.2,
            728.5
        ],
        [
            463.8,
            732.7
        ]
    ],
    "Particles_Size": [
        10,
        8,
        14,
        15,
        12,
        26,
        8,
        19,
        30,
        null,
        9,
        7,
        12,
        10,
        15,
        14,
        11,
        8,
        13,
        16,
        16,
        18,
        13,
        7,
        8,
        10,
        24,
        27,
        22,
        22,
        55,
        50,
        61,
        59,
        70,
        109,
        44,
        94,
        22,
        37,
        63,
        25,
        19
    ],
    "Particles_Bbox": [
        [
            [
                365,
                832
            ],
            [
                6,
                6
            ]
        ],
        [
            [
                369,
                831
            ],
            [
                6,
                6
            ]
        ],
        [
            [
                353,
                822
            ],
            [
                22,
                14
            ]
        ],
        [
            [
                355,
                821
            ],
            [
                44,
                23
            ]
        ],
        [
            [
                363,
                809
            ],
            [
                38,
                29
            ]
        ],
        [
            [
                366,
                802
            ],
            [
                45,
                28
            ]
        ],
        [
            [
                377,
                816
            ],
            [
                9,
                3
            ]
        ],
        [
            [
                371,
                806
            ],
            [
                31,
                28
            ]
        ],
        [
            [
                364,
                791
            ],
            [
                43,
                37
            ]
        ],
        null,
        [
            [
                371,
                807
            ],
            [
                18,
                11
            ]
        ],
        [
            [
                377,
                802
            ],
            [
                16,
                9
            ]
        ],
        [
            [
                378,
                794
            ],
            [
                18,
                20
            ]
        ],
        [
            [
                388,
                788
            ],
            [
                16,
                17
            ]
        ],
        [
            [
                382,
                782
            ],
            [
                30,
                32
            ]
        ],
        [
            [
                385,
                785
            ],
            [
                27,
                20
            ]
        ],
        [
            [
                393,
                782
            ],
            [
                28,
                31
            ]
        ],
        [
            [
                397,
                790
            ],
            [
                9,
                8
            ]
        ],
        [
            [
                399,
                781
            ],
            [
                27,
                25
            ]
        ],
        [
            [
                398,
                784
            ],
            [
                33,
                12
            ]
        ],
        [
            [
                386,
                780
            ],
            [
                41,
                24
            ]
        ],
        [
            [
                382,
                784
            ],
            [
                51,
                24
            ]
        ],
        [
            [
                393,
                779
            ],
            [
                35,
                18
            ]
        ],
        [
            [
                396,
                782
            ],
            [
                19,
                12
            ]
        ],
        [
            [
                406,
                769
            ],
            [
                17,
                12
            ]
        ],
        [
            [
                401,
                772
            ],
            [
                20,
                15
            ]
        ],
        [
            [
                403,
                768
            ],
            [
                23,
                31
            ]
        ],
        [
            [
                406,
                765
            ],
            [
                33,
                28
            ]
        ],
        [
            [
                411,
                765
            ],
            [
                20,
                23
            ]
        ],
        [
            [
                419,
                759
            ],
            [
                33,
                27
            ]
        ],
        [
            [
                423,
                749
            ],
            [
                23,
                32
            ]
        ],
        [
            [
                415,
                744
            ],
            [
                41,
                35
            ]
        ],
        [
            [
                410,
                739
            ],
            [
                47,
                34
            ]
        ],
        [
            [
                407,
                732
            ],
            [
                49,
                36
            ]
        ],
        [
            [
                418,
                726
            ],
            [
                57,
                48
            ]
        ],
        [
            [
                417,
                720
            ],
            [
                50,
                46
            ]
        ],
        [
            [
                433,
                720
            ],
            [
                40,
                42
            ]
        ],
        [
            [
                420,
                727
            ],
            [
                50,
                38
            ]
        ],
        [
            [
                426,
                722
            ],
            [
                55,
                28
            ]
        ],
        [
            [
                440,
                717
            ],
            [
                45,
                40
            ]
        ],
        [
            [
                430,
                712
            ],
            [
                57,
                39
            ]
        ],
        [
            [
                442,
                712
            ],
            [
                31,
                25
            ]
        ],
        [
            [
                443,
                725
            ],
            [
                40,
                20
            ]
        ]
    ],
    "Particles_Max_Intensity": [
        [
            107
        ],
        [
            104
        ],
        [
            104
        ],
        [
            106
        ],
        [
            104
        ],
        [
            111
        ],
        [
            108
        ],
        [
            113
        ],
        [
            116
        ],
        null,
        [
            111
        ],
        [
            103
        ],
        [
            100
        ],
        [
            107
        ],
        [
            112
        ],
        [
            111
        ],
        [
            112
        ],
        [
            111
        ],
        [
            111
        ],
        [
            109
        ],
        [
            110
        ],
        [
            108
        ],
        [
            104
        ],
        [
            101
        ],
        [
            106
        ],
        [
            94
        ],
        [
            107
        ],
        [
            110
        ],
        [
            107
        ],
        [
            109
        ],
        [
            105
        ],
        [
            105
        ],
        [
            102
        ],
        [
            112
        ],
        [
            110
        ],
        [
            113
        ],
        [
            107
        ],
        [
            113
        ],
        [
            120
        ],
        [
            124
        ],
        [
            117
        ],
        [
            116
        ],
        [
            115
        ]
    ],
    "Track_ID": 29,
    "classification": "non-motile",
    "probability_motility": 0.33317164763941814
}
```

## `00030.json`

**경로:** `components/syn/fsw/cfs/owls/assets/asdp000000002/predict/00030.json`


```text
{
    "Times": [
        228,
        229,
        230,
        231,
        232,
        233,
        234,
        235,
        236,
        237,
        238,
        239,
        240,
        241,
        242,
        243,
        244,
        245,
        246,
        247,
        248,
        249,
        250
    ],
    "Particles_Position": [
        [
            55.7,
            58.0
        ],
        [
            59.3,
            47.2
        ],
        [
            69.6,
            21.1
        ],
        [
            65.4,
            27.6
        ],
        [
            62.1,
            37.5
        ],
        [
            74.7,
            14.6
        ],
        [
            77.6,
            7.3
        ],
        [
            81.9,
            1.9
        ],
        null,
        null,
        null,
        null,
        null,
        null,
        null,
        null,
        [
            101.1,
            1.4
        ],
        [
            109.2,
            1.1
        ],
        [
            108.8,
            1.0
        ],
        [
            111.6,
            1.8
        ],
        [
            112.0,
            4.0
        ],
        [
            132.6,
            1.0
        ],
        [
            122.4,
            3.7
        ]
    ],
    "Particles_Estimated_Position": [
        [
            55.7,
            58.0
        ],
        [
            59.3,
            47.2
        ],
        [
            69.6,
            21.1
        ],
        [
            65.4,
            27.6
        ],
        [
            62.1,
            37.5
        ],
        [
            74.7,
            14.6
        ],
        [
            77.6,
            7.3
        ],
        [
            81.9,
            1.9
        ],
        [
            84.03333333333333,
            1.8444444444444443
        ],
        [
            86.16666666666667,
            1.7888888888888888
        ],
        [
            88.3,
            1.7333333333333332
        ],
        [
            90.43333333333334,
            1.6777777777777776
        ],
        [
            92.56666666666666,
            1.6222222222222222
        ],
        [
            94.7,
            1.5666666666666667
        ],
        [
            96.83333333333333,
            1.511111111111111
        ],
        [
            98.96666666666667,
            1.4555555555555555
        ],
        [
            101.1,
            1.4
        ],
        [
            109.2,
            1.1
        ],
        [
            108.8,
            1.0
        ],
        [
            111.6,
            1.8
        ],
        [
            112.0,
            4.0
        ],
        [
            132.6,
            1.0
        ],
        [
            122.4,
            3.7
        ]
    ],
    "Particles_Size": [
        14,
        14,
        14,
        7,
        11,
        15,
        10,
        10,
        null,
        null,
        null,
        null,
        null,
        null,
        null,
        null,
        34,
        52,
        9,
        45,
        104,
        49,
        96
    ],
    "Particles_Bbox": [
        [
            [
                50,
                51
            ],
            [
                8,
                11
            ]
        ],
        [
            [
                56,
                42
            ],
            [
                7,
                10
            ]
        ],
        [
            [
                66,
                13
            ],
            [
                6,
                15
            ]
        ],
        [
            [
                62,
                20
            ],
            [
                6,
                13
            ]
        ],
        [
            [
                59,
                30
            ],
            [
                5,
                12
            ]
        ],
        [
            [
                70,
                5
            ],
            [
                7,
                15
            ]
        ],
        [
            [
                75,
                0
            ],
            [
                4,
                13
            ]
        ],
        [
            [
                80,
                0
            ],
            [
                4,
                4
            ]
        ],
        null,
        null,
        null,
        null,
        null,
        null,
        null,
        null,
        [
            [
                86,
                0
            ],
            [
                24,
                5
            ]
        ],
        [
            [
                80,
                0
            ],
            [
                50,
                4
            ]
        ],
        [
            [
                91,
                0
            ],
            [
                24,
                5
            ]
        ],
        [
            [
                79,
                0
            ],
            [
                54,
                8
            ]
        ],
        [
            [
                95,
                0
            ],
            [
                46,
                14
            ]
        ],
        [
            [
                122,
                0
            ],
            [
                20,
                3
            ]
        ],
        [
            [
                98,
                0
            ],
            [
                50,
                8
            ]
        ]
    ],
    "Particles_Max_Intensity": [
        [
            99
        ],
        [
            101
        ],
        [
            101
        ],
        [
            97
        ],
        [
            91
        ],
        [
            90
        ],
        [
            85
        ],
        [
            92
        ],
        null,
        null,
        null,
        null,
        null,
        null,
        null,
        null,
        [
            100
        ],
        [
            105
        ],
        [
            103
        ],
        [
            103
        ],
        [
            110
        ],
        [
            116
        ],
        [
            108
        ]
    ],
    "Track_ID": 30,
    "classification": "motile",
    "probability_motility": 0.5390104045620475
}
```

## `00031.json`

**경로:** `components/syn/fsw/cfs/owls/assets/asdp000000002/predict/00031.json`


```text
{
    "Times": [
        232,
        233,
        234,
        235,
        236,
        237,
        238,
        239,
        240,
        241,
        242
    ],
    "Particles_Position": [
        [
            746.8,
            789.8
        ],
        [
            757.0,
            779.0
        ],
        [
            758.9,
            774.6
        ],
        [
            762.8,
            770.6
        ],
        [
            767.0,
            766.6
        ],
        [
            770.3,
            761.9
        ],
        [
            774.4,
            758.5
        ],
        [
            777.0,
            754.6
        ],
        [
            779.0,
            751.4
        ],
        [
            782.7,
            748.9
        ],
        [
            786.7,
            745.4
        ]
    ],
    "Particles_Estimated_Position": [
        [
            746.8,
            789.8
        ],
        [
            757.0,
            779.0
        ],
        [
            758.9,
            774.6
        ],
        [
            762.8,
            770.6
        ],
        [
            767.0,
            766.6
        ],
        [
            770.3,
            761.9
        ],
        [
            774.4,
            758.5
        ],
        [
            777.0,
            754.6
        ],
        [
            779.0,
            751.4
        ],
        [
            782.7,
            748.9
        ],
        [
            786.7,
            745.4
        ]
    ],
    "Particles_Size": [
        6,
        9,
        7,
        9,
        8,
        7,
        8,
        8,
        7,
        9,
        7
    ],
    "Particles_Bbox": [
        [
            [
                746,
                789
            ],
            [
                2,
                2
            ]
        ],
        [
            [
                756,
                776
            ],
            [
                3,
                5
            ]
        ],
        [
            [
                758,
                773
            ],
            [
                2,
                3
            ]
        ],
        [
            [
                761,
                769
            ],
            [
                3,
                3
            ]
        ],
        [
            [
                765,
                765
            ],
            [
                5,
                3
            ]
        ],
        [
            [
                769,
                761
            ],
            [
                2,
                2
            ]
        ],
        [
            [
                773,
                757
            ],
            [
                3,
                3
            ]
        ],
        [
            [
                776,
                753
            ],
            [
                2,
                3
            ]
        ],
        [
            [
                778,
                750
            ],
            [
                2,
                3
            ]
        ],
        [
            [
                781,
                748
            ],
            [
                3,
                2
            ]
        ],
        [
            [
                785,
                745
            ],
            [
                3,
                1
            ]
        ]
    ],
    "Particles_Max_Intensity": [
        [
            88
        ],
        [
            95
        ],
        [
            82
        ],
        [
            86
        ],
        [
            107
        ],
        [
            89
        ],
        [
            89
        ],
        [
            71
        ],
        [
            76
        ],
        [
            80
        ],
        [
            70
        ]
    ],
    "Track_ID": 31,
    "classification": "non-motile",
    "probability_motility": 0.2665238719615449
}
```

## `00032.json`

**경로:** `components/syn/fsw/cfs/owls/assets/asdp000000002/predict/00032.json`


```text
{
    "Times": [
        233,
        234,
        235,
        236,
        237,
        238,
        239,
        240,
        241,
        242,
        243,
        244,
        245,
        246,
        247,
        248,
        249,
        250,
        251,
        252,
        253,
        254,
        255,
        256,
        257,
        258,
        259,
        260,
        261,
        262,
        263,
        264
    ],
    "Particles_Position": [
        [
            4.1,
            266.8
        ],
        [
            6.9,
            259.3
        ],
        [
            10.9,
            251.8
        ],
        [
            16.1,
            242.5
        ],
        [
            20.4,
            234.7
        ],
        [
            24.4,
            227.4
        ],
        [
            29.0,
            220.2
        ],
        [
            32.3,
            213.0
        ],
        [
            36.4,
            205.5
        ],
        [
            40.2,
            197.3
        ],
        [
            44.5,
            189.0
        ],
        [
            49.1,
            180.2
        ],
        [
            58.2,
            161.7
        ],
        [
            53.5,
            170.0
        ],
        [
            61.8,
            154.3
        ],
        [
            65.6,
            145.7
        ],
        [
            73.0,
            130.8
        ],
        [
            69.0,
            138.9
        ],
        [
            76.6,
            123.4
        ],
        [
            80.6,
            115.4
        ],
        [
            84.3,
            107.3
        ],
        [
            89.1,
            97.8
        ],
        [
            92.5,
            89.8
        ],
        [
            96.6,
            80.8
        ],
        [
            101.1,
            71.8
        ],
        [
            105.3,
            62.4
        ],
        [
            110.4,
            52.8
        ],
        [
            115.5,
            42.7
        ],
        [
            123.8,
            23.2
        ],
        [
            120.4,
            32.7
        ],
        [
            128.0,
            13.4
        ],
        [
            132.6,
            4.3
        ]
    ],
    "Particles_Estimated_Position": [
        [
            4.1,
            266.8
        ],
        [
            6.9,
            259.3
        ],
        [
            10.9,
            251.8
        ],
        [
            16.1,
            242.5
        ],
        [
            20.4,
            234.7
        ],
        [
            24.4,
            227.4
        ],
        [
            29.0,
            220.2
        ],
        [
            32.3,
            213.0
        ],
        [
            36.4,
            205.5
        ],
        [
            40.2,
            197.3
        ],
        [
            44.5,
            189.0
        ],
        [
            49.1,
            180.2
        ],
        [
            58.2,
            161.7
        ],
        [
            53.5,
            170.0
        ],
        [
            61.8,
            154.3
        ],
        [
            65.6,
            145.7
        ],
        [
            73.0,
            130.8
        ],
        [
            69.0,
            138.9
        ],
        [
            76.6,
            123.4
        ],
        [
            80.6,
            115.4
        ],
        [
            84.3,
            107.3
        ],
        [
            89.1,
            97.8
        ],
        [
            92.5,
            89.8
        ],
        [
            96.6,
            80.8
        ],
        [
            101.1,
            71.8
        ],
        [
            105.3,
            62.4
        ],
        [
            110.4,
            52.8
        ],
        [
            115.5,
            42.7
        ],
        [
            123.8,
            23.2
        ],
        [
            120.4,
            32.7
        ],
        [
            128.0,
            13.4
        ],
        [
            132.6,
            4.3
        ]
    ],
    "Particles_Size": [
        67,
        75,
        74,
        68,
        76,
        80,
        87,
        77,
        79,
        72,
        82,
        71,
        78,
        70,
        69,
        60,
        59,
        65,
        61,
        67,
        62,
        65,
        66,
        61,
        74,
        65,
        61,
        69,
        62,
        67,
        71,
        62
    ],
    "Particles_Bbox": [
        [
            [
                0,
                261
            ],
            [
                10,
                12
            ]
        ],
        [
            [
                0,
                253
            ],
            [
                13,
                13
            ]
        ],
        [
            [
                6,
                246
            ],
            [
                11,
                12
            ]
        ],
        [
            [
                10,
                236
            ],
            [
                12,
                12
            ]
        ],
        [
            [
                15,
                229
            ],
            [
                12,
                12
            ]
        ],
        [
            [
                19,
                222
            ],
            [
                12,
                12
            ]
        ],
        [
            [
                23,
                215
            ],
            [
                16,
                11
            ]
        ],
        [
            [
                27,
                207
            ],
            [
                12,
                12
            ]
        ],
        [
            [
                31,
                200
            ],
            [
                12,
                12
            ]
        ],
        [
            [
                35,
                192
            ],
            [
                11,
                11
            ]
        ],
        [
            [
                39,
                183
            ],
            [
                12,
                12
            ]
        ],
        [
            [
                43,
                175
            ],
            [
                12,
                11
            ]
        ],
        [
            [
                52,
                156
            ],
            [
                12,
                11
            ]
        ],
        [
            [
                48,
                165
            ],
            [
                15,
                11
            ]
        ],
        [
            [
                56,
                149
            ],
            [
                12,
                11
            ]
        ],
        [
            [
                60,
                141
            ],
            [
                12,
                9
            ]
        ],
        [
            [
                68,
                126
            ],
            [
                11,
                10
            ]
        ],
        [
            [
                62,
                134
            ],
            [
                13,
                10
            ]
        ],
        [
            [
                71,
                118
            ],
            [
                16,
                11
            ]
        ],
        [
            [
                75,
                110
            ],
            [
                20,
                11
            ]
        ],
        [
            [
                79,
                102
            ],
            [
                11,
                10
            ]
        ],
        [
            [
                83,
                93
            ],
            [
                20,
                10
            ]
        ],
        [
            [
                87,
                84
            ],
            [
                12,
                11
            ]
        ],
        [
            [
                86,
                74
            ],
            [
                17,
                12
            ]
        ],
        [
            [
                96,
                65
            ],
            [
                18,
                12
            ]
        ],
        [
            [
                100,
                56
            ],
            [
                11,
                11
            ]
        ],
        [
            [
                106,
                45
            ],
            [
                11,
                13
            ]
        ],
        [
            [
                110,
                38
            ],
            [
                11,
                10
            ]
        ],
        [
            [
                119,
                16
            ],
            [
                11,
                12
            ]
        ],
        [
            [
                115,
                26
            ],
            [
                19,
                12
            ]
        ],
        [
            [
                123,
                6
            ],
            [
                10,
                12
            ]
        ],
        [
            [
                128,
                0
            ],
            [
                11,
                10
            ]
        ]
    ],
    "Particles_Max_Intensity": [
        [
            110
        ],
        [
            125
        ],
        [
            119
        ],
        [
            111
        ],
        [
            115
        ],
        [
            119
        ],
        [
            111
        ],
        [
            146
        ],
        [
            117
        ],
        [
            124
        ],
        [
            106
        ],
        [
            118
        ],
        [
            138
        ],
        [
            125
        ],
        [
            116
        ],
        [
            120
        ],
        [
            120
        ],
        [
            129
        ],
        [
            102
        ],
        [
            102
        ],
        [
            113
        ],
        [
            108
        ],
        [
            115
        ],
        [
            99
        ],
        [
            111
        ],
        [
            118
        ],
        [
            108
        ],
        [
            106
        ],
        [
            122
        ],
        [
            105
        ],
        [
            107
        ],
        [
            106
        ]
    ],
    "Track_ID": 32,
    "classification": "non-motile",
    "probability_motility": 0.4487438757705063
}
```

## `00033.json`

**경로:** `components/syn/fsw/cfs/owls/assets/asdp000000002/predict/00033.json`


```text
{
    "Times": [
        233,
        234,
        235,
        236,
        237,
        238,
        239,
        240,
        241,
        242,
        243,
        244,
        245,
        246,
        247,
        248,
        249,
        250,
        251,
        252,
        253,
        254,
        255,
        256,
        257,
        258,
        259,
        260,
        261,
        262,
        263,
        264,
        265,
        266,
        267,
        268,
        269,
        270,
        271,
        272,
        273,
        274
    ],
    "Particles_Position": [
        [
            268.2,
            1022.2
        ],
        [
            276.1,
            1019.4
        ],
        [
            288.9,
            1014.4
        ],
        [
            294.2,
            1002.9
        ],
        [
            296.9,
            992.9
        ],
        [
            298.8,
            984.4
        ],
        [
            300.8,
            978.8
        ],
        [
            305.6,
            974.2
        ],
        [
            309.2,
            971.6
        ],
        [
            314.7,
            968.5
        ],
        [
            321.1,
            966.0
        ],
        [
            332.4,
            960.1
        ],
        [
            353.7,
            944.8
        ],
        [
            343.6,
            952.2
        ],
        [
            362.9,
            938.6
        ],
        [
            373.2,
            927.2
        ],
        [
            389.2,
            907.4
        ],
        [
            379.4,
            919.2
        ],
        [
            396.5,
            893.6
        ],
        [
            401.2,
            882.4
        ],
        [
            408.0,
            871.4
        ],
        [
            416.5,
            861.1
        ],
        [
            424.8,
            854.2
        ],
        [
            432.1,
            847.9
        ],
        [
            442.1,
            842.9
        ],
        [
            458.3,
            838.7
        ],
        [
            471.0,
            834.1
        ],
        [
            483.1,
            828.4
        ],
        [
            508.6,
            811.7
        ],
        [
            497.5,
            822.6
        ],
        [
            519.2,
            803.8
        ],
        [
            532.9,
            792.9
        ],
        [
            542.1,
            783.2
        ],
        [
            552.3,
            773.5
        ],
        [
            560.0,
            764.8
        ],
        [
            573.9,
            751.6
        ],
        [
            567.3,
            757.6
        ],
        [
            578.5,
            748.5
        ],
        [
            583.4,
            749.2
        ],
        [
            588.0,
            752.5
        ],
        [
            601.3,
            752.9
        ],
        [
            593.6,
            751.8
        ]
    ],
    "Particles_Estimated_Position": [
        [
            268.2,
            1022.2
        ],
        [
            276.1,
            1019.4
        ],
        [
            288.9,
            1014.4
        ],
        [
            294.2,
            1002.9
        ],
        [
            296.9,
            992.9
        ],
        [
            298.8,
            984.4
        ],
        [
            300.8,
            978.8
        ],
        [
            305.6,
            974.2
        ],
        [
            309.2,
            971.6
        ],
        [
            314.7,
            968.5
        ],
        [
            321.1,
            966.0
        ],
        [
            332.4,
            960.1
        ],
        [
            353.7,
            944.8
        ],
        [
            343.6,
            952.2
        ],
        [
            362.9,
            938.6
        ],
        [
            373.2,
            927.2
        ],
        [
            389.2,
            907.4
        ],
        [
            379.4,
            919.2
        ],
        [
            396.5,
            893.6
        ],
        [
            401.2,
            882.4
        ],
        [
            408.0,
            871.4
        ],
        [
            416.5,
            861.1
        ],
        [
            424.8,
            854.2
        ],
        [
            432.1,
            847.9
        ],
        [
            442.1,
            842.9
        ],
        [
            458.3,
            838.7
        ],
        [
            471.0,
            834.1
        ],
        [
            483.1,
            828.4
        ],
        [
            508.6,
            811.7
        ],
        [
            497.5,
            822.6
        ],
        [
            519.2,
            803.8
        ],
        [
            532.9,
            792.9
        ],
        [
            542.1,
            783.2
        ],
        [
            552.3,
            773.5
        ],
        [
            560.0,
            764.8
        ],
        [
            573.9,
            751.6
        ],
        [
            567.3,
            757.6
        ],
        [
            578.5,
            748.5
        ],
        [
            583.4,
            749.2
        ],
        [
            588.0,
            752.5
        ],
        [
            601.3,
            752.9
        ],
        [
            593.6,
            751.8
        ]
    ],
    "Particles_Size": [
        13,
        57,
        232,
        275,
        243,
        245,
        245,
        242,
        250,
        294,
        273,
        278,
        271,
        287,
        245,
        233,
        223,
        228,
        237,
        282,
        240,
        241,
        224,
        264,
        262,
        243,
        267,
        275,
        262,
        262,
        261,
        248,
        254,
        237,
        255,
        207,
        227,
        220,
        224,
        232,
        219,
        206
    ],
    "Particles_Bbox": [
        [
            [
                265,
                1021
            ],
            [
                8,
                2
            ]
        ],
        [
            [
                265,
                1013
            ],
            [
                22,
                10
            ]
        ],
        [
            [
                275,
                1004
            ],
            [
                29,
                19
            ]
        ],
        [
            [
                282,
                988
            ],
            [
                28,
                26
            ]
        ],
        [
            [
                283,
                975
            ],
            [
                25,
                31
            ]
        ],
        [
            [
                285,
                973
            ],
            [
                24,
                20
            ]
        ],
        [
            [
                287,
                968
            ],
            [
                27,
                23
            ]
        ],
        [
            [
                294,
                964
            ],
            [
                22,
                23
            ]
        ],
        [
            [
                299,
                962
            ],
            [
                19,
                19
            ]
        ],
        [
            [
                305,
                958
            ],
            [
                20,
                20
            ]
        ],
        [
            [
                311,
                955
            ],
            [
                20,
                22
            ]
        ],
        [
            [
                322,
                946
            ],
            [
                20,
                25
            ]
        ],
        [
            [
                343,
                934
            ],
            [
                21,
                20
            ]
        ],
        [
            [
                333,
                940
            ],
            [
                22,
                24
            ]
        ],
        [
            [
                352,
                928
            ],
            [
                22,
                20
            ]
        ],
        [
            [
                363,
                918
            ],
            [
                21,
                19
            ]
        ],
        [
            [
                380,
                897
            ],
            [
                19,
                20
            ]
        ],
        [
            [
                369,
                909
            ],
            [
                20,
                20
            ]
        ],
        [
            [
                387,
                883
            ],
            [
                20,
                22
            ]
        ],
        [
            [
                391,
                869
            ],
            [
                20,
                25
            ]
        ],
        [
            [
                398,
                857
            ],
            [
                20,
                24
            ]
        ],
        [
            [
                403,
                833
            ],
            [
                47,
                38
            ]
        ],
        [
            [
                415,
                845
            ],
            [
                39,
                19
            ]
        ],
        [
            [
                421,
                834
            ],
            [
                38,
                24
            ]
        ],
        [
            [
                429,
                834
            ],
            [
                35,
                18
            ]
        ],
        [
            [
                447,
                830
            ],
            [
                24,
                17
            ]
        ],
        [
            [
                460,
                818
            ],
            [
                21,
                25
            ]
        ],
        [
            [
                473,
                809
            ],
            [
                22,
                30
            ]
        ],
        [
            [
                486,
                786
            ],
            [
                33,
                36
            ]
        ],
        [
            [
                476,
                805
            ],
            [
                33,
                29
            ]
        ],
        [
            [
                491,
                790
            ],
            [
                39,
                27
            ]
        ],
        [
            [
                521,
                784
            ],
            [
                22,
                17
            ]
        ],
        [
            [
                527,
                774
            ],
            [
                31,
                19
            ]
        ],
        [
            [
                537,
                764
            ],
            [
                30,
                19
            ]
        ],
        [
            [
                550,
                756
            ],
            [
                20,
                18
            ]
        ],
        [
            [
                565,
                742
            ],
            [
                18,
                28
            ]
        ],
        [
            [
                559,
                747
            ],
            [
                17,
                20
            ]
        ],
        [
            [
                561,
                716
            ],
            [
                26,
                42
            ]
        ],
        [
            [
                571,
                739
            ],
            [
                22,
                21
            ]
        ],
        [
            [
                578,
                741
            ],
            [
                22,
                24
            ]
        ],
        [
            [
                592,
                744
            ],
            [
                18,
                18
            ]
        ],
        [
            [
                579,
                742
            ],
            [
                23,
                20
            ]
        ]
    ],
    "Particles_Max_Intensity": [
        [
            108
        ],
        [
            117
        ],
        [
            107
        ],
        [
            113
        ],
        [
            112
        ],
        [
            108
        ],
        [
            99
        ],
        [
            97
        ],
        [
            87
        ],
        [
            92
        ],
        [
            114
        ],
        [
            149
        ],
        [
            102
        ],
        [
            127
        ],
        [
            89
        ],
        [
            116
        ],
        [
            101
        ],
        [
            116
        ],
        [
            116
        ],
        [
            155
        ],
        [
            124
        ],
        [
            134
        ],
        [
            105
        ],
        [
            105
        ],
        [
            102
        ],
        [
            95
        ],
        [
            94
        ],
        [
            102
        ],
        [
            109
        ],
        [
            101
        ],
        [
            112
        ],
        [
            130
        ],
        [
            110
        ],
        [
            104
        ],
        [
            101
        ],
        [
            107
        ],
        [
            96
        ],
        [
            114
        ],
        [
            101
        ],
        [
            120
        ],
        [
            92
        ],
        [
            115
        ]
    ],
    "Track_ID": 33,
    "classification": "motile",
    "probability_motility": 0.5838873936125889
}
```

## `00034.json`

**경로:** `components/syn/fsw/cfs/owls/assets/asdp000000002/predict/00034.json`


```text
{
    "Times": [
        237,
        238,
        239,
        240,
        241,
        242,
        243,
        244,
        245,
        246,
        247,
        248,
        249,
        250,
        251,
        252,
        253,
        254,
        255,
        256,
        257,
        258,
        259,
        260,
        261,
        262,
        263,
        264,
        265,
        266,
        267,
        268,
        269
    ],
    "Particles_Position": [
        [
            345.0,
            279.0
        ],
        [
            349.6,
            272.7
        ],
        [
            352.0,
            265.4
        ],
        [
            357.9,
            259.6
        ],
        [
            360.3,
            252.6
        ],
        [
            364.8,
            245.3
        ],
        [
            365.8,
            235.2
        ],
        [
            370.6,
            231.3
        ],
        [
            379.3,
            213.3
        ],
        [
            379.8,
            222.0
        ],
        [
            385.6,
            206.3
        ],
        [
            390.1,
            201.4
        ],
        null,
        null,
        [
            399.8,
            183.4
        ],
        [
            403.6,
            177.6
        ],
        null,
        null,
        [
            419.5,
            155.4
        ],
        [
            422.6,
            147.8
        ],
        [
            427.4,
            140.9
        ],
        [
            431.7,
            133.4
        ],
        [
            437.5,
            124.9
        ],
        [
            441.3,
            115.9
        ],
        [
            451.5,
            99.4
        ],
        [
            446.3,
            107.3
        ],
        [
            455.2,
            92.1
        ],
        [
            461.2,
            84.4
        ],
        [
            464.2,
            75.2
        ],
        [
            470.5,
            69.0
        ],
        [
            472.0,
            60.5
        ],
        [
            483.1,
            44.0
        ],
        [
            478.6,
            52.4
        ]
    ],
    "Particles_Estimated_Position": [
        [
            345.0,
            279.0
        ],
        [
            349.6,
            272.7
        ],
        [
            352.0,
            265.4
        ],
        [
            357.9,
            259.6
        ],
        [
            360.3,
            252.6
        ],
        [
            364.8,
            245.3
        ],
        [
            365.8,
            235.2
        ],
        [
            370.6,
            231.3
        ],
        [
            379.3,
            213.3
        ],
        [
            379.8,
            222.0
        ],
        [
            385.6,
            206.3
        ],
        [
            390.1,
            201.4
        ],
        [
            393.33333333333337,
            195.4
        ],
        [
            396.56666666666666,
            189.4
        ],
        [
            399.8,
            183.4
        ],
        [
            403.6,
            177.6
        ],
        [
            408.90000000000003,
            170.2
        ],
        [
            414.2,
            162.8
        ],
        [
            419.5,
            155.4
        ],
        [
            422.6,
            147.8
        ],
        [
            427.4,
            140.9
        ],
        [
            431.7,
            133.4
        ],
        [
            437.5,
            124.9
        ],
        [
            441.3,
            115.9
        ],
        [
            451.5,
            99.4
        ],
        [
            446.3,
            107.3
        ],
        [
            455.2,
            92.1
        ],
        [
            461.2,
            84.4
        ],
        [
            464.2,
            75.2
        ],
        [
            470.5,
            69.0
        ],
        [
            472.0,
            60.5
        ],
        [
            483.1,
            44.0
        ],
        [
            478.6,
            52.4
        ]
    ],
    "Particles_Size": [
        8,
        15,
        9,
        16,
        12,
        11,
        10,
        7,
        9,
        8,
        9,
        9,
        null,
        null,
        8,
        7,
        null,
        null,
        11,
        17,
        14,
        14,
        12,
        12,
        11,
        12,
        12,
        12,
        12,
        11,
        11,
        8,
        7
    ],
    "Particles_Bbox": [
        [
            [
                340,
                277
            ],
            [
                9,
                3
            ]
        ],
        [
            [
                341,
                270
            ],
            [
                12,
                11
            ]
        ],
        [
            [
                350,
                264
            ],
            [
                4,
                3
            ]
        ],
        [
            [
                354,
                258
            ],
            [
                14,
                4
            ]
        ],
        [
            [
                353,
                251
            ],
            [
                10,
                3
            ]
        ],
        [
            [
                362,
                244
            ],
            [
                5,
                3
            ]
        ],
        [
            [
                363,
                233
            ],
            [
                6,
                5
            ]
        ],
        [
            [
                368,
                230
            ],
            [
                11,
                3
            ]
        ],
        [
            [
                366,
                202
            ],
            [
                19,
                14
            ]
        ],
        [
            [
                374,
                218
            ],
            [
                22,
                11
            ]
        ],
        [
            [
                382,
                205
            ],
            [
                8,
                2
            ]
        ],
        [
            [
                387,
                198
            ],
            [
                7,
                6
            ]
        ],
        null,
        null,
        [
            [
                398,
                182
            ],
            [
                5,
                3
            ]
        ],
        [
            [
                401,
                176
            ],
            [
                7,
                3
            ]
        ],
        null,
        null,
        [
            [
                415,
                154
            ],
            [
                8,
                3
            ]
        ],
        [
            [
                418,
                146
            ],
            [
                8,
                3
            ]
        ],
        [
            [
                423,
                140
            ],
            [
                7,
                2
            ]
        ],
        [
            [
                428,
                132
            ],
            [
                7,
                3
            ]
        ],
        [
            [
                433,
                124
            ],
            [
                7,
                2
            ]
        ],
        [
            [
                437,
                115
            ],
            [
                7,
                2
            ]
        ],
        [
            [
                449,
                98
            ],
            [
                4,
                3
            ]
        ],
        [
            [
                444,
                106
            ],
            [
                4,
                3
            ]
        ],
        [
            [
                453,
                91
            ],
            [
                4,
                2
            ]
        ],
        [
            [
                458,
                83
            ],
            [
                8,
                3
            ]
        ],
        [
            [
                455,
                61
            ],
            [
                12,
                17
            ]
        ],
        [
            [
                467,
                68
            ],
            [
                8,
                2
            ]
        ],
        [
            [
                454,
                59
            ],
            [
                22,
                3
            ]
        ],
        [
            [
                482,
                43
            ],
            [
                2,
                2
            ]
        ],
        [
            [
                477,
                51
            ],
            [
                3,
                2
            ]
        ]
    ],
    "Particles_Max_Intensity": [
        [
            114
        ],
        [
            117
        ],
        [
            95
        ],
        [
            102
        ],
        [
            98
        ],
        [
            77
        ],
        [
            117
        ],
        [
            122
        ],
        [
            123
        ],
        [
            123
        ],
        [
            99
        ],
        [
            107
        ],
        null,
        null,
        [
            116
        ],
        [
            109
        ],
        null,
        null,
        [
            107
        ],
        [
            106
        ],
        [
            115
        ],
        [
            102
        ],
        [
            84
        ],
        [
            112
        ],
        [
            84
        ],
        [
            85
        ],
        [
            88
        ],
        [
            98
        ],
        [
            102
        ],
        [
            89
        ],
        [
            94
        ],
        [
            66
        ],
        [
            65
        ]
    ],
    "Track_ID": 34,
    "classification": "non-motile",
    "probability_motility": 0.41076015353951056
}
```

## `00035.json`

**경로:** `components/syn/fsw/cfs/owls/assets/asdp000000002/predict/00035.json`


```text
{
    "Times": [
        247,
        248,
        249,
        250,
        251,
        252,
        253,
        254,
        255,
        256,
        257,
        258,
        259,
        260
    ],
    "Particles_Position": [
        [
            949.7,
            505.4
        ],
        [
            960.5,
            499.0
        ],
        [
            980.6,
            489.3
        ],
        [
            966.5,
            494.4
        ],
        [
            986.1,
            487.5
        ],
        [
            996.6,
            485.4
        ],
        [
            1003.8,
            482.8
        ],
        [
            1008.6,
            480.4
        ],
        [
            1012.7,
            476.6
        ],
        [
            1015.7,
            475.8
        ],
        [
            1018.2,
            469.3
        ],
        [
            1019.6,
            461.2
        ],
        [
            1022.5,
            452.1
        ],
        [
            1015.8,
            451.5
        ]
    ],
    "Particles_Estimated_Position": [
        [
            949.7,
            505.4
        ],
        [
            960.5,
            499.0
        ],
        [
            980.6,
            489.3
        ],
        [
            966.5,
            494.4
        ],
        [
            986.1,
            487.5
        ],
        [
            996.6,
            485.4
        ],
        [
            1003.8,
            482.8
        ],
        [
            1008.6,
            480.4
        ],
        [
            1012.7,
            476.6
        ],
        [
            1015.7,
            475.8
        ],
        [
            1018.2,
            469.3
        ],
        [
            1019.6,
            461.2
        ],
        [
            1022.5,
            452.1
        ],
        [
            1015.8,
            451.5
        ]
    ],
    "Particles_Size": [
        428,
        415,
        435,
        447,
        464,
        425,
        451,
        456,
        406,
        334,
        226,
        112,
        11,
        13
    ],
    "Particles_Bbox": [
        [
            [
                930,
                472
            ],
            [
                37,
                66
            ]
        ],
        [
            [
                946,
                488
            ],
            [
                28,
                29
            ]
        ],
        [
            [
                967,
                477
            ],
            [
                27,
                25
            ]
        ],
        [
            [
                953,
                474
            ],
            [
                28,
                33
            ]
        ],
        [
            [
                956,
                473
            ],
            [
                43,
                31
            ]
        ],
        [
            [
                973,
                464
            ],
            [
                36,
                34
            ]
        ],
        [
            [
                977,
                470
            ],
            [
                46,
                27
            ]
        ],
        [
            [
                979,
                466
            ],
            [
                43,
                29
            ]
        ],
        [
            [
                983,
                462
            ],
            [
                40,
                29
            ]
        ],
        [
            [
                988,
                460
            ],
            [
                35,
                34
            ]
        ],
        [
            [
                1005,
                453
            ],
            [
                18,
                31
            ]
        ],
        [
            [
                995,
                450
            ],
            [
                28,
                25
            ]
        ],
        [
            [
                1021,
                447
            ],
            [
                2,
                10
            ]
        ],
        [
            [
                996,
                441
            ],
            [
                27,
                25
            ]
        ]
    ],
    "Particles_Max_Intensity": [
        [
            102
        ],
        [
            95
        ],
        [
            91
        ],
        [
            95
        ],
        [
            106
        ],
        [
            101
        ],
        [
            100
        ],
        [
            106
        ],
        [
            100
        ],
        [
            101
        ],
        [
            103
        ],
        [
            106
        ],
        [
            94
        ],
        [
            113
        ]
    ],
    "Track_ID": 35,
    "classification": "motile",
    "probability_motility": 0.5215423055910583
}
```

## `00036.json`

**경로:** `components/syn/fsw/cfs/owls/assets/asdp000000002/predict/00036.json`


```text
{
    "Times": [
        251,
        252,
        253,
        254,
        255,
        256,
        257,
        258,
        259,
        260,
        261,
        262,
        263,
        264,
        265,
        266,
        267,
        268,
        269,
        270,
        271
    ],
    "Particles_Position": [
        [
            15.4,
            543.5
        ],
        [
            18.8,
            536.3
        ],
        [
            25.0,
            527.0
        ],
        [
            30.9,
            518.6
        ],
        [
            37.3,
            509.6
        ],
        [
            42.3,
            500.2
        ],
        [
            47.5,
            493.1
        ],
        [
            53.5,
            482.4
        ],
        [
            59.0,
            472.9
        ],
        [
            67.0,
            464.1
        ],
        [
            78.9,
            442.3
        ],
        [
            72.9,
            452.8
        ],
        [
            85.2,
            433.7
        ],
        [
            91.0,
            424.0
        ],
        [
            95.5,
            414.4
        ],
        null,
        [
            107.3,
            394.2
        ],
        [
            119.8,
            373.6
        ],
        [
            112.8,
            384.0
        ],
        [
            125.8,
            365.0
        ],
        [
            132.2,
            355.8
        ]
    ],
    "Particles_Estimated_Position": [
        [
            15.4,
            543.5
        ],
        [
            18.8,
            536.3
        ],
        [
            25.0,
            527.0
        ],
        [
            30.9,
            518.6
        ],
        [
            37.3,
            509.6
        ],
        [
            42.3,
            500.2
        ],
        [
            47.5,
            493.1
        ],
        [
            53.5,
            482.4
        ],
        [
            59.0,
            472.9
        ],
        [
            67.0,
            464.1
        ],
        [
            78.9,
            442.3
        ],
        [
            72.9,
            452.8
        ],
        [
            85.2,
            433.7
        ],
        [
            91.0,
            424.0
        ],
        [
            95.5,
            414.4
        ],
        [
            101.4,
            404.29999999999995
        ],
        [
            107.3,
            394.2
        ],
        [
            119.8,
            373.6
        ],
        [
            112.8,
            384.0
        ],
        [
            125.8,
            365.0
        ],
        [
            132.2,
            355.8
        ]
    ],
    "Particles_Size": [
        10,
        25,
        21,
        12,
        12,
        20,
        14,
        19,
        20,
        30,
        20,
        23,
        19,
        12,
        24,
        null,
        19,
        13,
        11,
        11,
        13
    ],
    "Particles_Bbox": [
        [
            [
                14,
                542
            ],
            [
                3,
                3
            ]
        ],
        [
            [
                15,
                533
            ],
            [
                6,
                6
            ]
        ],
        [
            [
                21,
                522
            ],
            [
                7,
                8
            ]
        ],
        [
            [
                29,
                516
            ],
            [
                4,
                5
            ]
        ],
        [
            [
                35,
                507
            ],
            [
                4,
                5
            ]
        ],
        [
            [
                38,
                497
            ],
            [
                7,
                6
            ]
        ],
        [
            [
                45,
                490
            ],
            [
                5,
                6
            ]
        ],
        [
            [
                50,
                480
            ],
            [
                6,
                5
            ]
        ],
        [
            [
                55,
                469
            ],
            [
                7,
                7
            ]
        ],
        [
            [
                62,
                456
            ],
            [
                16,
                32
            ]
        ],
        [
            [
                76,
                438
            ],
            [
                6,
                7
            ]
        ],
        [
            [
                69,
                449
            ],
            [
                7,
                6
            ]
        ],
        [
            [
                81,
                431
            ],
            [
                7,
                6
            ]
        ],
        [
            [
                88,
                422
            ],
            [
                5,
                4
            ]
        ],
        [
            [
                91,
                410
            ],
            [
                8,
                8
            ]
        ],
        null,
        [
            [
                103,
                392
            ],
            [
                11,
                5
            ]
        ],
        [
            [
                115,
                372
            ],
            [
                8,
                3
            ]
        ],
        [
            [
                109,
                381
            ],
            [
                6,
                5
            ]
        ],
        [
            [
                121,
                364
            ],
            [
                7,
                2
            ]
        ],
        [
            [
                127,
                354
            ],
            [
                10,
                4
            ]
        ]
    ],
    "Particles_Max_Intensity": [
        [
            78
        ],
        [
            95
        ],
        [
            90
        ],
        [
            70
        ],
        [
            81
        ],
        [
            91
        ],
        [
            88
        ],
        [
            102
        ],
        [
            111
        ],
        [
            117
        ],
        [
            93
        ],
        [
            103
        ],
        [
            113
        ],
        [
            99
        ],
        [
            100
        ],
        null,
        [
            100
        ],
        [
            121
        ],
        [
            109
        ],
        [
            96
        ],
        [
            109
        ]
    ],
    "Track_ID": 36,
    "classification": "non-motile",
    "probability_motility": 0.34800260561692836
}
```

## `00037.json`

**경로:** `components/syn/fsw/cfs/owls/assets/asdp000000002/predict/00037.json`


```text
{
    "Times": [
        251,
        252,
        253,
        254,
        255,
        256,
        257,
        258,
        259,
        260,
        261,
        262,
        263,
        264,
        265,
        266,
        267,
        268,
        269,
        270,
        271,
        272,
        273,
        274,
        275,
        276,
        277,
        278,
        279,
        280,
        281,
        282,
        283,
        284,
        285,
        286,
        287,
        288,
        289,
        290,
        291,
        292,
        293,
        294,
        295,
        296,
        297,
        298,
        299
    ],
    "Particles_Position": [
        [
            351.9,
            1014.4
        ],
        [
            355.8,
            1010.6
        ],
        [
            361.4,
            1005.4
        ],
        [
            368.8,
            997.5
        ],
        [
            374.3,
            990.7
        ],
        [
            378.2,
            987.2
        ],
        [
            383.2,
            981.4
        ],
        [
            389.9,
            976.3
        ],
        [
            393.9,
            970.4
        ],
        [
            400.9,
            963.4
        ],
        [
            412.2,
            951.6
        ],
        [
            407.4,
            957.5
        ],
        [
            418.4,
            944.4
        ],
        [
            423.5,
            939.2
        ],
        [
            427.9,
            933.4
        ],
        [
            434.5,
            927.3
        ],
        [
            441.0,
            921.2
        ],
        [
            453.2,
            908.6
        ],
        [
            445.1,
            914.6
        ],
        [
            458.9,
            902.4
        ],
        [
            463.8,
            895.6
        ],
        [
            465.4,
            891.5
        ],
        [
            479.2,
            878.6
        ],
        [
            473.8,
            885.2
        ],
        [
            493.5,
            864.3
        ],
        [
            483.8,
            874.2
        ],
        [
            489.4,
            868.3
        ],
        null,
        [
            506.8,
            853.6
        ],
        [
            510.8,
            847.1
        ],
        [
            519.9,
            835.2
        ],
        [
            515.2,
            840.1
        ],
        [
            527.2,
            827.8
        ],
        [
            534.3,
            820.2
        ],
        [
            540.9,
            813.8
        ],
        [
            547.1,
            806.9
        ],
        [
            551.2,
            799.6
        ],
        [
            557.4,
            794.1
        ],
        [
            567.8,
            787.8
        ],
        null,
        [
            580.3,
            772.8
        ],
        [
            583.8,
            765.7
        ],
        [
            587.4,
            760.4
        ],
        [
            592.8,
            756.0
        ],
        [
            597.5,
            749.1
        ],
        [
            603.6,
            744.1
        ],
        [
            606.9,
            737.7
        ],
        [
            612.0,
            732.7
        ],
        [
            616.9,
            727.8
        ]
    ],
    "Particles_Estimated_Position": [
        [
            351.9,
            1014.4
        ],
        [
            355.8,
            1010.6
        ],
        [
            361.4,
            1005.4
        ],
        [
            368.8,
            997.5
        ],
        [
            374.3,
            990.7
        ],
        [
            378.2,
            987.2
        ],
        [
            383.2,
            981.4
        ],
        [
            389.9,
            976.3
        ],
        [
            393.9,
            970.4
        ],
        [
            400.9,
            963.4
        ],
        [
            412.2,
            951.6
        ],
        [
            407.4,
            957.5
        ],
        [
            418.4,
            944.4
        ],
        [
            423.5,
            939.2
        ],
        [
            427.9,
            933.4
        ],
        [
            434.5,
            927.3
        ],
        [
            441.0,
            921.2
        ],
        [
            453.2,
            908.6
        ],
        [
            445.1,
            914.6
        ],
        [
            458.9,
            902.4
        ],
        [
            463.8,
            895.6
        ],
        [
            465.4,
            891.5
        ],
        [
            479.2,
            878.6
        ],
        [
            473.8,
            885.2
        ],
        [
            493.5,
            864.3
        ],
        [
            483.8,
            874.2
        ],
        [
            489.4,
            868.3
        ],
        [
            498.1,
            860.95
        ],
        [
            506.8,
            853.6
        ],
        [
            510.8,
            847.1
        ],
        [
            519.9,
            835.2
        ],
        [
            515.2,
            840.1
        ],
        [
            527.2,
            827.8
        ],
        [
            534.3,
            820.2
        ],
        [
            540.9,
            813.8
        ],
        [
            547.1,
            806.9
        ],
        [
            551.2,
            799.6
        ],
        [
            557.4,
            794.1
        ],
        [
            567.8,
            787.8
        ],
        [
            574.05,
            780.3
        ],
        [
            580.3,
            772.8
        ],
        [
            583.8,
            765.7
        ],
        [
            587.4,
            760.4
        ],
        [
            592.8,
            756.0
        ],
        [
            597.5,
            749.1
        ],
        [
            603.6,
            744.1
        ],
        [
            606.9,
            737.7
        ],
        [
            612.0,
            732.7
        ],
        [
            616.9,
            727.8
        ]
    ],
    "Particles_Size": [
        25,
        30,
        19,
        15,
        7,
        11,
        22,
        19,
        30,
        13,
        18,
        25,
        21,
        30,
        32,
        18,
        14,
        21,
        19,
        17,
        33,
        22,
        22,
        20,
        29,
        22,
        12,
        null,
        8,
        12,
        18,
        19,
        23,
        27,
        17,
        15,
        30,
        27,
        6,
        null,
        6,
        13,
        18,
        11,
        11,
        11,
        30,
        21,
        21
    ],
    "Particles_Bbox": [
        [
            [
                345,
                1011
            ],
            [
                13,
                8
            ]
        ],
        [
            [
                349,
                1006
            ],
            [
                13,
                8
            ]
        ],
        [
            [
                355,
                1001
            ],
            [
                13,
                7
            ]
        ],
        [
            [
                363,
                994
            ],
            [
                11,
                8
            ]
        ],
        [
            [
                368,
                989
            ],
            [
                11,
                4
            ]
        ],
        [
            [
                373,
                984
            ],
            [
                8,
                8
            ]
        ],
        [
            [
                378,
                977
            ],
            [
                11,
                9
            ]
        ],
        [
            [
                384,
                971
            ],
            [
                11,
                11
            ]
        ],
        [
            [
                389,
                966
            ],
            [
                11,
                9
            ]
        ],
        [
            [
                394,
                959
            ],
            [
                12,
                8
            ]
        ],
        [
            [
                407,
                946
            ],
            [
                11,
                11
            ]
        ],
        [
            [
                401,
                953
            ],
            [
                11,
                9
            ]
        ],
        [
            [
                410,
                942
            ],
            [
                14,
                7
            ]
        ],
        [
            [
                418,
                933
            ],
            [
                11,
                10
            ]
        ],
        [
            [
                421,
                927
            ],
            [
                14,
                10
            ]
        ],
        [
            [
                427,
                921
            ],
            [
                13,
                11
            ]
        ],
        [
            [
                435,
                915
            ],
            [
                9,
                10
            ]
        ],
        [
            [
                447,
                902
            ],
            [
                12,
                10
            ]
        ],
        [
            [
                439,
                911
            ],
            [
                11,
                7
            ]
        ],
        [
            [
                450,
                898
            ],
            [
                14,
                9
            ]
        ],
        [
            [
                455,
                891
            ],
            [
                16,
                12
            ]
        ],
        [
            [
                460,
                887
            ],
            [
                11,
                10
            ]
        ],
        [
            [
                472,
                874
            ],
            [
                13,
                9
            ]
        ],
        [
            [
                468,
                880
            ],
            [
                12,
                9
            ]
        ],
        [
            [
                489,
                858
            ],
            [
                11,
                10
            ]
        ],
        [
            [
                476,
                870
            ],
            [
                14,
                9
            ]
        ],
        [
            [
                484,
                865
            ],
            [
                11,
                7
            ]
        ],
        null,
        [
            [
                498,
                851
            ],
            [
                12,
                6
            ]
        ],
        [
            [
                504,
                843
            ],
            [
                11,
                7
            ]
        ],
        [
            [
                514,
                832
            ],
            [
                13,
                9
            ]
        ],
        [
            [
                509,
                834
            ],
            [
                13,
                11
            ]
        ],
        [
            [
                519,
                822
            ],
            [
                14,
                10
            ]
        ],
        [
            [
                527,
                816
            ],
            [
                13,
                8
            ]
        ],
        [
            [
                533,
                811
            ],
            [
                13,
                6
            ]
        ],
        [
            [
                541,
                804
            ],
            [
                11,
                7
            ]
        ],
        [
            [
                544,
                793
            ],
            [
                14,
                11
            ]
        ],
        [
            [
                550,
                787
            ],
            [
                14,
                11
            ]
        ],
        [
            [
                567,
                786
            ],
            [
                3,
                4
            ]
        ],
        null,
        [
            [
                577,
                768
            ],
            [
                6,
                9
            ]
        ],
        [
            [
                576,
                762
            ],
            [
                12,
                9
            ]
        ],
        [
            [
                581,
                755
            ],
            [
                14,
                10
            ]
        ],
        [
            [
                586,
                753
            ],
            [
                13,
                6
            ]
        ],
        [
            [
                591,
                745
            ],
            [
                13,
                8
            ]
        ],
        [
            [
                598,
                737
            ],
            [
                9,
                11
            ]
        ],
        [
            [
                601,
                732
            ],
            [
                11,
                11
            ]
        ],
        [
            [
                605,
                726
            ],
            [
                12,
                11
            ]
        ],
        [
            [
                610,
                720
            ],
            [
                13,
                12
            ]
        ]
    ],
    "Particles_Max_Intensity": [
        [
            107
        ],
        [
            113
        ],
        [
            107
        ],
        [
            106
        ],
        [
            94
        ],
        [
            92
        ],
        [
            106
        ],
        [
            104
        ],
        [
            101
        ],
        [
            102
        ],
        [
            95
        ],
        [
            93
        ],
        [
            87
        ],
        [
            103
        ],
        [
            98
        ],
        [
            107
        ],
        [
            90
        ],
        [
            99
        ],
        [
            105
        ],
        [
            93
        ],
        [
            93
        ],
        [
            99
        ],
        [
            97
        ],
        [
            87
        ],
        [
            125
        ],
        [
            95
        ],
        [
            115
        ],
        null,
        [
            97
        ],
        [
            96
        ],
        [
            96
        ],
        [
            119
        ],
        [
            100
        ],
        [
            110
        ],
        [
            95
        ],
        [
            108
        ],
        [
            107
        ],
        [
            106
        ],
        [
            106
        ],
        null,
        [
            119
        ],
        [
            113
        ],
        [
            108
        ],
        [
            97
        ],
        [
            105
        ],
        [
            104
        ],
        [
            108
        ],
        [
            106
        ],
        [
            97
        ]
    ],
    "Track_ID": 37,
    "classification": "non-motile",
    "probability_motility": 0.3684615938823716
}
```

## `00038.json`

**경로:** `components/syn/fsw/cfs/owls/assets/asdp000000002/predict/00038.json`


```text
{
    "Times": [
        255,
        256,
        257,
        258,
        259,
        260,
        261,
        262,
        263,
        264,
        265,
        266,
        267,
        268,
        269,
        270,
        271,
        272,
        273,
        274
    ],
    "Particles_Position": [
        [
            324.0,
            350.2
        ],
        [
            327.7,
            343.7
        ],
        [
            333.2,
            337.1
        ],
        [
            338.8,
            327.6
        ],
        [
            343.4,
            319.7
        ],
        [
            348.9,
            310.9
        ],
        [
            359.9,
            292.5
        ],
        [
            354.7,
            302.1
        ],
        [
            364.8,
            286.2
        ],
        [
            369.6,
            280.1
        ],
        [
            379.0,
            269.5
        ],
        [
            382.8,
            259.4
        ],
        [
            387.8,
            251.1
        ],
        [
            397.9,
            236.8
        ],
        [
            391.6,
            242.9
        ],
        [
            403.2,
            229.8
        ],
        [
            407.7,
            222.3
        ],
        [
            412.2,
            212.5
        ],
        [
            413.8,
            203.6
        ],
        [
            416.4,
            207.5
        ]
    ],
    "Particles_Estimated_Position": [
        [
            324.0,
            350.2
        ],
        [
            327.7,
            343.7
        ],
        [
            333.2,
            337.1
        ],
        [
            338.8,
            327.6
        ],
        [
            343.4,
            319.7
        ],
        [
            348.9,
            310.9
        ],
        [
            359.9,
            292.5
        ],
        [
            354.7,
            302.1
        ],
        [
            364.8,
            286.2
        ],
        [
            369.6,
            280.1
        ],
        [
            379.0,
            269.5
        ],
        [
            382.8,
            259.4
        ],
        [
            387.8,
            251.1
        ],
        [
            397.9,
            236.8
        ],
        [
            391.6,
            242.9
        ],
        [
            403.2,
            229.8
        ],
        [
            407.7,
            222.3
        ],
        [
            412.2,
            212.5
        ],
        [
            413.8,
            203.6
        ],
        [
            416.4,
            207.5
        ]
    ],
    "Particles_Size": [
        12,
        18,
        8,
        9,
        20,
        27,
        22,
        14,
        22,
        20,
        24,
        27,
        24,
        28,
        11,
        13,
        29,
        12,
        46,
        23
    ],
    "Particles_Bbox": [
        [
            [
                323,
                347
            ],
            [
                3,
                7
            ]
        ],
        [
            [
                325,
                339
            ],
            [
                5,
                8
            ]
        ],
        [
            [
                332,
                335
            ],
            [
                2,
                4
            ]
        ],
        [
            [
                337,
                324
            ],
            [
                4,
                7
            ]
        ],
        [
            [
                340,
                313
            ],
            [
                6,
                11
            ]
        ],
        [
            [
                344,
                304
            ],
            [
                8,
                11
            ]
        ],
        [
            [
                357,
                287
            ],
            [
                10,
                11
            ]
        ],
        [
            [
                351,
                296
            ],
            [
                6,
                11
            ]
        ],
        [
            [
                362,
                279
            ],
            [
                7,
                12
            ]
        ],
        [
            [
                368,
                274
            ],
            [
                4,
                11
            ]
        ],
        [
            [
                372,
                247
            ],
            [
                25,
                46
            ]
        ],
        [
            [
                376,
                250
            ],
            [
                33,
                19
            ]
        ],
        [
            [
                377,
                227
            ],
            [
                29,
                40
            ]
        ],
        [
            [
                389,
                222
            ],
            [
                18,
                42
            ]
        ],
        [
            [
                389,
                227
            ],
            [
                5,
                25
            ]
        ],
        [
            [
                392,
                220
            ],
            [
                15,
                21
            ]
        ],
        [
            [
                392,
                199
            ],
            [
                19,
                49
            ]
        ],
        [
            [
                409,
                206
            ],
            [
                8,
                26
            ]
        ],
        [
            [
                375,
                191
            ],
            [
                61,
                40
            ]
        ],
        [
            [
                410,
                198
            ],
            [
                10,
                29
            ]
        ]
    ],
    "Particles_Max_Intensity": [
        [
            107
        ],
        [
            102
        ],
        [
            88
        ],
        [
            90
        ],
        [
            95
        ],
        [
            111
        ],
        [
            97
        ],
        [
            84
        ],
        [
            96
        ],
        [
            104
        ],
        [
            113
        ],
        [
            135
        ],
        [
            136
        ],
        [
            133
        ],
        [
            114
        ],
        [
            115
        ],
        [
            120
        ],
        [
            116
        ],
        [
            120
        ],
        [
            119
        ]
    ],
    "Track_ID": 38,
    "classification": "non-motile",
    "probability_motility": 0.3583682346103274
}
```

## `00039.json`

**경로:** `components/syn/fsw/cfs/owls/assets/asdp000000002/predict/00039.json`


```text
{
    "Times": [
        256,
        257,
        258,
        259,
        260,
        261,
        262,
        263,
        264,
        265,
        266,
        267,
        268,
        269,
        270,
        271
    ],
    "Particles_Position": [
        [
            835.8,
            691.8
        ],
        [
            839.5,
            687.0
        ],
        [
            843.7,
            682.9
        ],
        [
            849.1,
            678.7
        ],
        [
            853.7,
            673.8
        ],
        [
            862.2,
            664.2
        ],
        [
            858.0,
            669.2
        ],
        [
            867.1,
            659.9
        ],
        [
            871.0,
            656.0
        ],
        [
            875.6,
            651.1
        ],
        [
            879.4,
            646.2
        ],
        [
            882.9,
            641.6
        ],
        [
            891.0,
            633.3
        ],
        [
            886.9,
            637.4
        ],
        [
            895.1,
            628.6
        ],
        [
            899.9,
            622.8
        ]
    ],
    "Particles_Estimated_Position": [
        [
            835.8,
            691.8
        ],
        [
            839.5,
            687.0
        ],
        [
            843.7,
            682.9
        ],
        [
            849.1,
            678.7
        ],
        [
            853.7,
            673.8
        ],
        [
            862.2,
            664.2
        ],
        [
            858.0,
            669.2
        ],
        [
            867.1,
            659.9
        ],
        [
            871.0,
            656.0
        ],
        [
            875.6,
            651.1
        ],
        [
            879.4,
            646.2
        ],
        [
            882.9,
            641.6
        ],
        [
            891.0,
            633.3
        ],
        [
            886.9,
            637.4
        ],
        [
            895.1,
            628.6
        ],
        [
            899.9,
            622.8
        ]
    ],
    "Particles_Size": [
        8,
        11,
        10,
        9,
        12,
        12,
        10,
        11,
        10,
        11,
        8,
        9,
        7,
        8,
        11,
        11
    ],
    "Particles_Bbox": [
        [
            [
                834,
                691
            ],
            [
                3,
                2
            ]
        ],
        [
            [
                838,
                684
            ],
            [
                3,
                5
            ]
        ],
        [
            [
                842,
                680
            ],
            [
                3,
                5
            ]
        ],
        [
            [
                848,
                677
            ],
            [
                2,
                3
            ]
        ],
        [
            [
                852,
                670
            ],
            [
                3,
                6
            ]
        ],
        [
            [
                861,
                661
            ],
            [
                3,
                5
            ]
        ],
        [
            [
                857,
                668
            ],
            [
                2,
                3
            ]
        ],
        [
            [
                865,
                657
            ],
            [
                4,
                5
            ]
        ],
        [
            [
                870,
                653
            ],
            [
                2,
                5
            ]
        ],
        [
            [
                874,
                650
            ],
            [
                3,
                2
            ]
        ],
        [
            [
                878,
                645
            ],
            [
                3,
                2
            ]
        ],
        [
            [
                882,
                639
            ],
            [
                2,
                4
            ]
        ],
        [
            [
                890,
                632
            ],
            [
                2,
                2
            ]
        ],
        [
            [
                886,
                635
            ],
            [
                2,
                4
            ]
        ],
        [
            [
                894,
                626
            ],
            [
                3,
                4
            ]
        ],
        [
            [
                898,
                617
            ],
            [
                7,
                8
            ]
        ]
    ],
    "Particles_Max_Intensity": [
        [
            66
        ],
        [
            111
        ],
        [
            114
        ],
        [
            80
        ],
        [
            96
        ],
        [
            84
        ],
        [
            69
        ],
        [
            85
        ],
        [
            81
        ],
        [
            71
        ],
        [
            78
        ],
        [
            79
        ],
        [
            64
        ],
        [
            88
        ],
        [
            91
        ],
        [
            94
        ]
    ],
    "Track_ID": 39,
    "classification": "non-motile",
    "probability_motility": 0.29769307755488017
}
```

## `00040.json`

**경로:** `components/syn/fsw/cfs/owls/assets/asdp000000002/predict/00040.json`


```text
{
    "Times": [
        259,
        260,
        261,
        262,
        263,
        264,
        265,
        266,
        267,
        268,
        269,
        270,
        271,
        272,
        273,
        274
    ],
    "Particles_Position": [
        [
            3.7,
            889.2
        ],
        [
            10.5,
            880.3
        ],
        [
            25.5,
            861.5
        ],
        [
            16.8,
            868.0
        ],
        [
            32.2,
            855.0
        ],
        [
            38.3,
            840.6
        ],
        [
            46.1,
            835.5
        ],
        [
            53.1,
            831.4
        ],
        [
            59.8,
            816.8
        ],
        [
            73.0,
            793.3
        ],
        [
            66.8,
            806.8
        ],
        [
            81.0,
            786.2
        ],
        [
            87.9,
            779.7
        ],
        [
            94.0,
            769.8
        ],
        [
            107.8,
            753.4
        ],
        [
            101.3,
            765.5
        ]
    ],
    "Particles_Estimated_Position": [
        [
            3.7,
            889.2
        ],
        [
            10.5,
            880.3
        ],
        [
            25.5,
            861.5
        ],
        [
            16.8,
            868.0
        ],
        [
            32.2,
            855.0
        ],
        [
            38.3,
            840.6
        ],
        [
            46.1,
            835.5
        ],
        [
            53.1,
            831.4
        ],
        [
            59.8,
            816.8
        ],
        [
            73.0,
            793.3
        ],
        [
            66.8,
            806.8
        ],
        [
            81.0,
            786.2
        ],
        [
            87.9,
            779.7
        ],
        [
            94.0,
            769.8
        ],
        [
            107.8,
            753.4
        ],
        [
            101.3,
            765.5
        ]
    ],
    "Particles_Size": [
        52,
        62,
        49,
        68,
        46,
        35,
        56,
        40,
        49,
        70,
        52,
        62,
        63,
        54,
        64,
        53
    ],
    "Particles_Bbox": [
        [
            [
                0,
                869
            ],
            [
                11,
                32
            ]
        ],
        [
            [
                4,
                854
            ],
            [
                15,
                38
            ]
        ],
        [
            [
                18,
                841
            ],
            [
                14,
                31
            ]
        ],
        [
            [
                8,
                841
            ],
            [
                18,
                41
            ]
        ],
        [
            [
                27,
                829
            ],
            [
                13,
                35
            ]
        ],
        [
            [
                29,
                820
            ],
            [
                17,
                34
            ]
        ],
        [
            [
                39,
                816
            ],
            [
                14,
                29
            ]
        ],
        [
            [
                50,
                827
            ],
            [
                7,
                9
            ]
        ],
        [
            [
                53,
                793
            ],
            [
                13,
                34
            ]
        ],
        [
            [
                63,
                775
            ],
            [
                18,
                32
            ]
        ],
        [
            [
                60,
                783
            ],
            [
                14,
                34
            ]
        ],
        [
            [
                74,
                765
            ],
            [
                14,
                34
            ]
        ],
        [
            [
                80,
                756
            ],
            [
                14,
                33
            ]
        ],
        [
            [
                86,
                750
            ],
            [
                14,
                31
            ]
        ],
        [
            [
                100,
                734
            ],
            [
                14,
                30
            ]
        ],
        [
            [
                94,
                743
            ],
            [
                12,
                42
            ]
        ]
    ],
    "Particles_Max_Intensity": [
        [
            93
        ],
        [
            100
        ],
        [
            91
        ],
        [
            87
        ],
        [
            93
        ],
        [
            95
        ],
        [
            81
        ],
        [
            88
        ],
        [
            97
        ],
        [
            99
        ],
        [
            102
        ],
        [
            101
        ],
        [
            98
        ],
        [
            94
        ],
        [
            96
        ],
        [
            101
        ]
    ],
    "Track_ID": 40,
    "classification": "non-motile",
    "probability_motility": 0.37917008154258564
}
```

## `00041.json`

**경로:** `components/syn/fsw/cfs/owls/assets/asdp000000002/predict/00041.json`


```text
{
    "Times": [
        259,
        260,
        261,
        262,
        263,
        264,
        265,
        266,
        267,
        268
    ],
    "Particles_Position": [
        [
            648.9,
            973.8
        ],
        [
            659.2,
            969.4
        ],
        [
            673.3,
            960.9
        ],
        [
            664.5,
            965.2
        ],
        [
            675.3,
            957.0
        ],
        [
            680.0,
            952.9
        ],
        [
            686.5,
            948.1
        ],
        [
            687.6,
            944.4
        ],
        [
            692.8,
            940.0
        ],
        [
            701.8,
            930.7
        ]
    ],
    "Particles_Estimated_Position": [
        [
            648.9,
            973.8
        ],
        [
            659.2,
            969.4
        ],
        [
            673.3,
            960.9
        ],
        [
            664.5,
            965.2
        ],
        [
            675.3,
            957.0
        ],
        [
            680.0,
            952.9
        ],
        [
            686.5,
            948.1
        ],
        [
            687.6,
            944.4
        ],
        [
            692.8,
            940.0
        ],
        [
            701.8,
            930.7
        ]
    ],
    "Particles_Size": [
        9,
        11,
        9,
        14,
        9,
        10,
        11,
        8,
        9,
        9
    ],
    "Particles_Bbox": [
        [
            [
                646,
                973
            ],
            [
                17,
                2
            ]
        ],
        [
            [
                651,
                968
            ],
            [
                18,
                3
            ]
        ],
        [
            [
                660,
                960
            ],
            [
                18,
                2
            ]
        ],
        [
            [
                655,
                964
            ],
            [
                19,
                3
            ]
        ],
        [
            [
                664,
                956
            ],
            [
                18,
                2
            ]
        ],
        [
            [
                668,
                952
            ],
            [
                18,
                2
            ]
        ],
        [
            [
                673,
                945
            ],
            [
                18,
                5
            ]
        ],
        [
            [
                677,
                944
            ],
            [
                18,
                1
            ]
        ],
        [
            [
                681,
                939
            ],
            [
                18,
                2
            ]
        ],
        [
            [
                691,
                927
            ],
            [
                17,
                5
            ]
        ]
    ],
    "Particles_Max_Intensity": [
        [
            101
        ],
        [
            101
        ],
        [
            93
        ],
        [
            110
        ],
        [
            101
        ],
        [
            105
        ],
        [
            113
        ],
        [
            113
        ],
        [
            106
        ],
        [
            97
        ]
    ],
    "Track_ID": 41,
    "classification": "non-motile",
    "probability_motility": 0.4433427813781792
}
```

## `00042.json`

**경로:** `components/syn/fsw/cfs/owls/assets/asdp000000002/predict/00042.json`


```text
{
    "Times": [
        265,
        266,
        267,
        268,
        269,
        270,
        271,
        272,
        273,
        274
    ],
    "Particles_Position": [
        [
            11.0,
            989.7
        ],
        [
            5.3,
            973.6
        ],
        [
            8.9,
            962.8
        ],
        [
            4.2,
            952.0
        ],
        [
            8.4,
            949.5
        ],
        [
            5.3,
            946.6
        ],
        [
            7.6,
            938.8
        ],
        [
            5.7,
            932.8
        ],
        [
            8.5,
            922.2
        ],
        [
            8.8,
            935.2
        ]
    ],
    "Particles_Estimated_Position": [
        [
            11.0,
            989.7
        ],
        [
            5.3,
            973.6
        ],
        [
            8.9,
            962.8
        ],
        [
            4.2,
            952.0
        ],
        [
            8.4,
            949.5
        ],
        [
            5.3,
            946.6
        ],
        [
            7.6,
            938.8
        ],
        [
            5.7,
            932.8
        ],
        [
            8.5,
            922.2
        ],
        [
            8.8,
            935.2
        ]
    ],
    "Particles_Size": [
        36,
        48,
        27,
        76,
        71,
        87,
        111,
        158,
        197,
        213
    ],
    "Particles_Bbox": [
        [
            [
                0,
                957
            ],
            [
                38,
                63
            ]
        ],
        [
            [
                0,
                945
            ],
            [
                19,
                62
            ]
        ],
        [
            [
                1,
                941
            ],
            [
                20,
                37
            ]
        ],
        [
            [
                0,
                913
            ],
            [
                17,
                77
            ]
        ],
        [
            [
                0,
                926
            ],
            [
                19,
                48
            ]
        ],
        [
            [
                0,
                916
            ],
            [
                29,
                73
            ]
        ],
        [
            [
                0,
                911
            ],
            [
                30,
                66
            ]
        ],
        [
            [
                0,
                891
            ],
            [
                16,
                70
            ]
        ],
        [
            [
                0,
                886
            ],
            [
                27,
                73
            ]
        ],
        [
            [
                0,
                889
            ],
            [
                22,
                85
            ]
        ]
    ],
    "Particles_Max_Intensity": [
        [
            104
        ],
        [
            101
        ],
        [
            95
        ],
        [
            107
        ],
        [
            108
        ],
        [
            107
        ],
        [
            111
        ],
        [
            105
        ],
        [
            109
        ],
        [
            106
        ]
    ],
    "Track_ID": 42,
    "classification": "motile",
    "probability_motility": 0.6196293197851891
}
```

## `00043.json`

**경로:** `components/syn/fsw/cfs/owls/assets/asdp000000002/predict/00043.json`


```text
{
    "Times": [
        271,
        272,
        273,
        274,
        275,
        276,
        277,
        278,
        279,
        280,
        281,
        282,
        283,
        284,
        285,
        286,
        287,
        288,
        289,
        290,
        291,
        292,
        293,
        294,
        295,
        296,
        297
    ],
    "Particles_Position": [
        [
            141.2,
            316.5
        ],
        [
            132.1,
            329.9
        ],
        [
            136.1,
            320.0
        ],
        [
            131.6,
            313.0
        ],
        [
            159.7,
            305.4
        ],
        [
            149.0,
            320.2
        ],
        [
            156.6,
            314.3
        ],
        [
            164.7,
            296.7
        ],
        [
            169.0,
            289.8
        ],
        [
            179.1,
            276.7
        ],
        [
            189.5,
            258.9
        ],
        [
            183.4,
            267.3
        ],
        [
            193.6,
            248.3
        ],
        [
            200.6,
            238.1
        ],
        [
            206.2,
            226.4
        ],
        [
            213.8,
            214.8
        ],
        [
            219.6,
            205.1
        ],
        [
            226.4,
            193.9
        ],
        [
            231.6,
            183.4
        ],
        [
            237.6,
            172.4
        ],
        null,
        [
            249.8,
            152.0
        ],
        [
            253.5,
            142.4
        ],
        [
            258.2,
            134.0
        ],
        [
            263.7,
            125.0
        ],
        [
            268.0,
            116.4
        ],
        [
            272.0,
            107.9
        ]
    ],
    "Particles_Estimated_Position": [
        [
            141.2,
            316.5
        ],
        [
            132.1,
            329.9
        ],
        [
            136.1,
            320.0
        ],
        [
            131.6,
            313.0
        ],
        [
            159.7,
            305.4
        ],
        [
            149.0,
            320.2
        ],
        [
            156.6,
            314.3
        ],
        [
            164.7,
            296.7
        ],
        [
            169.0,
            289.8
        ],
        [
            179.1,
            276.7
        ],
        [
            189.5,
            258.9
        ],
        [
            183.4,
            267.3
        ],
        [
            193.6,
            248.3
        ],
        [
            200.6,
            238.1
        ],
        [
            206.2,
            226.4
        ],
        [
            213.8,
            214.8
        ],
        [
            219.6,
            205.1
        ],
        [
            226.4,
            193.9
        ],
        [
            231.6,
            183.4
        ],
        [
            237.6,
            172.4
        ],
        [
            243.7,
            162.2
        ],
        [
            249.8,
            152.0
        ],
        [
            253.5,
            142.4
        ],
        [
            258.2,
            134.0
        ],
        [
            263.7,
            125.0
        ],
        [
            268.0,
            116.4
        ],
        [
            272.0,
            107.9
        ]
    ],
    "Particles_Size": [
        15,
        35,
        46,
        8,
        19,
        35,
        18,
        19,
        22,
        9,
        11,
        19,
        16,
        17,
        17,
        12,
        7,
        7,
        8,
        8,
        null,
        5,
        8,
        8,
        9,
        12,
        9
    ],
    "Particles_Bbox": [
        [
            [
                124,
                298
            ],
            [
                30,
                33
            ]
        ],
        [
            [
                107,
                304
            ],
            [
                46,
                46
            ]
        ],
        [
            [
                93,
                290
            ],
            [
                69,
                59
            ]
        ],
        [
            [
                118,
                297
            ],
            [
                28,
                25
            ]
        ],
        [
            [
                141,
                301
            ],
            [
                23,
                22
            ]
        ],
        [
            [
                125,
                309
            ],
            [
                37,
                21
            ]
        ],
        [
            [
                138,
                309
            ],
            [
                31,
                18
            ]
        ],
        [
            [
                161,
                293
            ],
            [
                7,
                7
            ]
        ],
        [
            [
                146,
                283
            ],
            [
                29,
                31
            ]
        ],
        [
            [
                178,
                275
            ],
            [
                3,
                3
            ]
        ],
        [
            [
                186,
                258
            ],
            [
                6,
                2
            ]
        ],
        [
            [
                180,
                265
            ],
            [
                6,
                5
            ]
        ],
        [
            [
                181,
                245
            ],
            [
                16,
                18
            ]
        ],
        [
            [
                197,
                233
            ],
            [
                6,
                17
            ]
        ],
        [
            [
                203,
                223
            ],
            [
                6,
                6
            ]
        ],
        [
            [
                210,
                213
            ],
            [
                6,
                3
            ]
        ],
        [
            [
                217,
                204
            ],
            [
                4,
                2
            ]
        ],
        [
            [
                225,
                193
            ],
            [
                3,
                2
            ]
        ],
        [
            [
                228,
                182
            ],
            [
                6,
                2
            ]
        ],
        [
            [
                234,
                171
            ],
            [
                5,
                3
            ]
        ],
        null,
        [
            [
                249,
                151
            ],
            [
                2,
                2
            ]
        ],
        [
            [
                251,
                141
            ],
            [
                4,
                3
            ]
        ],
        [
            [
                255,
                132
            ],
            [
                5,
                3
            ]
        ],
        [
            [
                260,
                123
            ],
            [
                5,
                3
            ]
        ],
        [
            [
                264,
                115
            ],
            [
                8,
                3
            ]
        ],
        [
            [
                269,
                106
            ],
            [
                5,
                3
            ]
        ]
    ],
    "Particles_Max_Intensity": [
        [
            121
        ],
        [
            126
        ],
        [
            133
        ],
        [
            112
        ],
        [
            107
        ],
        [
            115
        ],
        [
            112
        ],
        [
            106
        ],
        [
            120
        ],
        [
            82
        ],
        [
            91
        ],
        [
            105
        ],
        [
            109
        ],
        [
            113
        ],
        [
            123
        ],
        [
            99
        ],
        [
            88
        ],
        [
            111
        ],
        [
            111
        ],
        [
            103
        ],
        null,
        [
            85
        ],
        [
            94
        ],
        [
            114
        ],
        [
            93
        ],
        [
            128
        ],
        [
            119
        ]
    ],
    "Track_ID": 43,
    "classification": "non-motile",
    "probability_motility": 0.3419967420750914
}
```

## `00044.json`

**경로:** `components/syn/fsw/cfs/owls/assets/asdp000000002/predict/00044.json`


```text
{
    "Times": [
        275,
        276,
        277,
        278,
        279,
        280,
        281,
        282,
        283,
        284,
        285,
        286,
        287,
        288,
        289,
        290,
        291,
        292,
        293,
        294,
        295,
        296,
        297,
        298,
        299
    ],
    "Particles_Position": [
        [
            7.4,
            898.4
        ],
        [
            9.5,
            914.2
        ],
        [
            8.9,
            902.2
        ],
        [
            5.9,
            894.8
        ],
        [
            5.6,
            889.5
        ],
        [
            5.1,
            887.8
        ],
        [
            5.7,
            880.1
        ],
        [
            5.3,
            884.1
        ],
        [
            7.5,
            881.5
        ],
        [
            6.9,
            881.0
        ],
        [
            6.1,
            880.5
        ],
        [
            7.5,
            886.0
        ],
        [
            5.8,
            899.7
        ],
        [
            7.3,
            905.5
        ],
        [
            7.1,
            912.7
        ],
        [
            6.9,
            918.2
        ],
        [
            4.7,
            917.0
        ],
        [
            4.6,
            913.1
        ],
        [
            7.6,
            923.3
        ],
        [
            9.2,
            936.4
        ],
        [
            7.3,
            942.7
        ],
        [
            4.4,
            951.0
        ],
        [
            4.0,
            953.6
        ],
        [
            2.3,
            961.6
        ],
        [
            2.7,
            973.2
        ]
    ],
    "Particles_Estimated_Position": [
        [
            7.4,
            898.4
        ],
        [
            9.5,
            914.2
        ],
        [
            8.9,
            902.2
        ],
        [
            5.9,
            894.8
        ],
        [
            5.6,
            889.5
        ],
        [
            5.1,
            887.8
        ],
        [
            5.7,
            880.1
        ],
        [
            5.3,
            884.1
        ],
        [
            7.5,
            881.5
        ],
        [
            6.9,
            881.0
        ],
        [
            6.1,
            880.5
        ],
        [
            7.5,
            886.0
        ],
        [
            5.8,
            899.7
        ],
        [
            7.3,
            905.5
        ],
        [
            7.1,
            912.7
        ],
        [
            6.9,
            918.2
        ],
        [
            4.7,
            917.0
        ],
        [
            4.6,
            913.1
        ],
        [
            7.6,
            923.3
        ],
        [
            9.2,
            936.4
        ],
        [
            7.3,
            942.7
        ],
        [
            4.4,
            951.0
        ],
        [
            4.0,
            953.6
        ],
        [
            2.3,
            961.6
        ],
        [
            2.7,
            973.2
        ]
    ],
    "Particles_Size": [
        399,
        358,
        391,
        324,
        358,
        350,
        360,
        346,
        391,
        323,
        215,
        155,
        138,
        81,
        55,
        48,
        25,
        45,
        133,
        79,
        52,
        14,
        28,
        7,
        10
    ],
    "Particles_Bbox": [
        [
            [
                0,
                848
            ],
            [
                23,
                85
            ]
        ],
        [
            [
                0,
                863
            ],
            [
                34,
                100
            ]
        ],
        [
            [
                0,
                860
            ],
            [
                34,
                80
            ]
        ],
        [
            [
                0,
                853
            ],
            [
                23,
                90
            ]
        ],
        [
            [
                0,
                842
            ],
            [
                39,
                95
            ]
        ],
        [
            [
                0,
                842
            ],
            [
                24,
                94
            ]
        ],
        [
            [
                0,
                852
            ],
            [
                27,
                75
            ]
        ],
        [
            [
                0,
                840
            ],
            [
                22,
                91
            ]
        ],
        [
            [
                0,
                841
            ],
            [
                22,
                92
            ]
        ],
        [
            [
                0,
                834
            ],
            [
                36,
                92
            ]
        ],
        [
            [
                0,
                855
            ],
            [
                33,
                57
            ]
        ],
        [
            [
                0,
                850
            ],
            [
                25,
                70
            ]
        ],
        [
            [
                0,
                868
            ],
            [
                23,
                79
            ]
        ],
        [
            [
                0,
                877
            ],
            [
                26,
                54
            ]
        ],
        [
            [
                0,
                884
            ],
            [
                23,
                54
            ]
        ],
        [
            [
                0,
                898
            ],
            [
                27,
                54
            ]
        ],
        [
            [
                0,
                896
            ],
            [
                15,
                45
            ]
        ],
        [
            [
                0,
                893
            ],
            [
                15,
                56
            ]
        ],
        [
            [
                0,
                893
            ],
            [
                18,
                80
            ]
        ],
        [
            [
                0,
                910
            ],
            [
                19,
                59
            ]
        ],
        [
            [
                0,
                925
            ],
            [
                14,
                34
            ]
        ],
        [
            [
                0,
                946
            ],
            [
                8,
                12
            ]
        ],
        [
            [
                0,
                928
            ],
            [
                13,
                39
            ]
        ],
        [
            [
                0,
                960
            ],
            [
                6,
                3
            ]
        ],
        [
            [
                0,
                969
            ],
            [
                12,
                17
            ]
        ]
    ],
    "Particles_Max_Intensity": [
        [
            110
        ],
        [
            107
        ],
        [
            107
        ],
        [
            103
        ],
        [
            105
        ],
        [
            100
        ],
        [
            107
        ],
        [
            103
        ],
        [
            107
        ],
        [
            107
        ],
        [
            102
        ],
        [
            100
        ],
        [
            101
        ],
        [
            104
        ],
        [
            110
        ],
        [
            109
        ],
        [
            109
        ],
        [
            107
        ],
        [
            107
        ],
        [
            108
        ],
        [
            109
        ],
        [
            106
        ],
        [
            108
        ],
        [
            101
        ],
        [
            100
        ]
    ],
    "Track_ID": 44,
    "classification": "motile",
    "probability_motility": 0.7110665950358362
}
```

## `00045.json`

**경로:** `components/syn/fsw/cfs/owls/assets/asdp000000002/predict/00045.json`


```text
{
    "Times": [
        275,
        276,
        277,
        278,
        279,
        280,
        281,
        282,
        283,
        284,
        285,
        286,
        287,
        288,
        289,
        290,
        291,
        292
    ],
    "Particles_Position": [
        [
            9.1,
            168.5
        ],
        [
            2.8,
            185.5
        ],
        [
            5.6,
            177.6
        ],
        [
            12.8,
            160.1
        ],
        [
            17.9,
            149.3
        ],
        [
            22.9,
            138.0
        ],
        [
            32.3,
            118.5
        ],
        [
            27.1,
            128.4
        ],
        [
            37.7,
            106.6
        ],
        [
            43.5,
            94.0
        ],
        [
            49.4,
            82.0
        ],
        [
            55.6,
            70.3
        ],
        [
            60.1,
            58.4
        ],
        [
            65.4,
            47.1
        ],
        [
            70.8,
            35.6
        ],
        [
            76.4,
            22.9
        ],
        [
            81.7,
            11.5
        ],
        [
            85.6,
            1.6
        ]
    ],
    "Particles_Estimated_Position": [
        [
            9.1,
            168.5
        ],
        [
            2.8,
            185.5
        ],
        [
            5.6,
            177.6
        ],
        [
            12.8,
            160.1
        ],
        [
            17.9,
            149.3
        ],
        [
            22.9,
            138.0
        ],
        [
            32.3,
            118.5
        ],
        [
            27.1,
            128.4
        ],
        [
            37.7,
            106.6
        ],
        [
            43.5,
            94.0
        ],
        [
            49.4,
            82.0
        ],
        [
            55.6,
            70.3
        ],
        [
            60.1,
            58.4
        ],
        [
            65.4,
            47.1
        ],
        [
            70.8,
            35.6
        ],
        [
            76.4,
            22.9
        ],
        [
            81.7,
            11.5
        ],
        [
            85.6,
            1.6
        ]
    ],
    "Particles_Size": [
        48,
        38,
        50,
        48,
        60,
        74,
        60,
        66,
        49,
        64,
        59,
        66,
        57,
        49,
        47,
        38,
        28,
        28
    ],
    "Particles_Bbox": [
        [
            [
                1,
                162
            ],
            [
                16,
                13
            ]
        ],
        [
            [
                0,
                180
            ],
            [
                8,
                10
            ]
        ],
        [
            [
                0,
                171
            ],
            [
                12,
                13
            ]
        ],
        [
            [
                6,
                156
            ],
            [
                14,
                8
            ]
        ],
        [
            [
                11,
                143
            ],
            [
                14,
                11
            ]
        ],
        [
            [
                16,
                132
            ],
            [
                15,
                12
            ]
        ],
        [
            [
                25,
                113
            ],
            [
                15,
                11
            ]
        ],
        [
            [
                20,
                122
            ],
            [
                15,
                11
            ]
        ],
        [
            [
                31,
                101
            ],
            [
                14,
                11
            ]
        ],
        [
            [
                36,
                88
            ],
            [
                16,
                11
            ]
        ],
        [
            [
                42,
                77
            ],
            [
                15,
                10
            ]
        ],
        [
            [
                48,
                65
            ],
            [
                15,
                10
            ]
        ],
        [
            [
                53,
                54
            ],
            [
                15,
                9
            ]
        ],
        [
            [
                50,
                42
            ],
            [
                23,
                21
            ]
        ],
        [
            [
                64,
                31
            ],
            [
                14,
                9
            ]
        ],
        [
            [
                70,
                19
            ],
            [
                13,
                7
            ]
        ],
        [
            [
                75,
                8
            ],
            [
                13,
                6
            ]
        ],
        [
            [
                80,
                0
            ],
            [
                10,
                5
            ]
        ]
    ],
    "Particles_Max_Intensity": [
        [
            95
        ],
        [
            94
        ],
        [
            99
        ],
        [
            95
        ],
        [
            106
        ],
        [
            115
        ],
        [
            107
        ],
        [
            115
        ],
        [
            101
        ],
        [
            108
        ],
        [
            106
        ],
        [
            101
        ],
        [
            111
        ],
        [
            103
        ],
        [
            108
        ],
        [
            104
        ],
        [
            96
        ],
        [
            116
        ]
    ],
    "Track_ID": 45,
    "classification": "motile",
    "probability_motility": 0.5647021097111375
}
```

## `00046.json`

**경로:** `components/syn/fsw/cfs/owls/assets/asdp000000002/predict/00046.json`


```text
{
    "Times": [
        275,
        276,
        277,
        278,
        279,
        280,
        281,
        282,
        283,
        284,
        285,
        286,
        287,
        288,
        289,
        290,
        291,
        292,
        293,
        294,
        295,
        296,
        297,
        298,
        299
    ],
    "Particles_Position": [
        [
            126.9,
            731.2
        ],
        [
            114.6,
            745.7
        ],
        [
            120.9,
            740.1
        ],
        [
            131.4,
            722.3
        ],
        [
            137.2,
            710.6
        ],
        [
            145.8,
            703.5
        ],
        [
            157.6,
            682.5
        ],
        [
            152.7,
            691.8
        ],
        [
            165.7,
            672.2
        ],
        [
            172.1,
            660.3
        ],
        [
            183.0,
            654.9
        ],
        [
            189.2,
            644.0
        ],
        [
            196.1,
            632.9
        ],
        [
            204.3,
            623.4
        ],
        [
            211.5,
            612.7
        ],
        [
            219.1,
            600.9
        ],
        [
            226.9,
            593.0
        ],
        [
            234.6,
            585.2
        ],
        [
            240.1,
            575.1
        ],
        [
            246.0,
            566.3
        ],
        [
            251.5,
            558.3
        ],
        [
            257.7,
            551.4
        ],
        [
            263.0,
            542.3
        ],
        [
            268.0,
            531.0
        ],
        [
            273.1,
            523.6
        ]
    ],
    "Particles_Estimated_Position": [
        [
            126.9,
            731.2
        ],
        [
            114.6,
            745.7
        ],
        [
            120.9,
            740.1
        ],
        [
            131.4,
            722.3
        ],
        [
            137.2,
            710.6
        ],
        [
            145.8,
            703.5
        ],
        [
            157.6,
            682.5
        ],
        [
            152.7,
            691.8
        ],
        [
            165.7,
            672.2
        ],
        [
            172.1,
            660.3
        ],
        [
            183.0,
            654.9
        ],
        [
            189.2,
            644.0
        ],
        [
            196.1,
            632.9
        ],
        [
            204.3,
            623.4
        ],
        [
            211.5,
            612.7
        ],
        [
            219.1,
            600.9
        ],
        [
            226.9,
            593.0
        ],
        [
            234.6,
            585.2
        ],
        [
            240.1,
            575.1
        ],
        [
            246.0,
            566.3
        ],
        [
            251.5,
            558.3
        ],
        [
            257.7,
            551.4
        ],
        [
            263.0,
            542.3
        ],
        [
            268.0,
            531.0
        ],
        [
            273.1,
            523.6
        ]
    ],
    "Particles_Size": [
        49,
        56,
        25,
        53,
        48,
        44,
        64,
        49,
        45,
        62,
        46,
        42,
        50,
        45,
        45,
        30,
        29,
        29,
        35,
        37,
        30,
        29,
        23,
        26,
        47
    ],
    "Particles_Bbox": [
        [
            [
                123,
                710
            ],
            [
                8,
                29
            ]
        ],
        [
            [
                107,
                721
            ],
            [
                13,
                35
            ]
        ],
        [
            [
                113,
                721
            ],
            [
                12,
                25
            ]
        ],
        [
            [
                123,
                693
            ],
            [
                14,
                38
            ]
        ],
        [
            [
                129,
                683
            ],
            [
                14,
                38
            ]
        ],
        [
            [
                134,
                683
            ],
            [
                17,
                29
            ]
        ],
        [
            [
                148,
                659
            ],
            [
                16,
                35
            ]
        ],
        [
            [
                142,
                667
            ],
            [
                15,
                36
            ]
        ],
        [
            [
                156,
                651
            ],
            [
                16,
                30
            ]
        ],
        [
            [
                160,
                643
            ],
            [
                19,
                29
            ]
        ],
        [
            [
                177,
                638
            ],
            [
                11,
                25
            ]
        ],
        [
            [
                175,
                626
            ],
            [
                20,
                27
            ]
        ],
        [
            [
                185,
                617
            ],
            [
                17,
                26
            ]
        ],
        [
            [
                193,
                601
            ],
            [
                17,
                31
            ]
        ],
        [
            [
                200,
                598
            ],
            [
                17,
                22
            ]
        ],
        [
            [
                209,
                580
            ],
            [
                16,
                29
            ]
        ],
        [
            [
                219,
                577
            ],
            [
                12,
                23
            ]
        ],
        [
            [
                226,
                568
            ],
            [
                14,
                22
            ]
        ],
        [
            [
                227,
                551
            ],
            [
                19,
                30
            ]
        ],
        [
            [
                233,
                550
            ],
            [
                19,
                22
            ]
        ],
        [
            [
                242,
                535
            ],
            [
                14,
                30
            ]
        ],
        [
            [
                250,
                533
            ],
            [
                11,
                23
            ]
        ],
        [
            [
                255,
                527
            ],
            [
                13,
                22
            ]
        ],
        [
            [
                259,
                510
            ],
            [
                15,
                29
            ]
        ],
        [
            [
                260,
                508
            ],
            [
                21,
                24
            ]
        ]
    ],
    "Particles_Max_Intensity": [
        [
            102
        ],
        [
            98
        ],
        [
            100
        ],
        [
            103
        ],
        [
            100
        ],
        [
            105
        ],
        [
            115
        ],
        [
            99
        ],
        [
            94
        ],
        [
            110
        ],
        [
            103
        ],
        [
            103
        ],
        [
            103
        ],
        [
            99
        ],
        [
            103
        ],
        [
            109
        ],
        [
            110
        ],
        [
            108
        ],
        [
            101
        ],
        [
            103
        ],
        [
            106
        ],
        [
            112
        ],
        [
            98
        ],
        [
            118
        ],
        [
            126
        ]
    ],
    "Track_ID": 46,
    "classification": "non-motile",
    "probability_motility": 0.3218845516604577
}
```

## `00047.json`

**경로:** `components/syn/fsw/cfs/owls/assets/asdp000000002/predict/00047.json`


```text
{
    "Times": [
        275,
        276,
        277,
        278,
        279,
        280,
        281,
        282,
        283,
        284,
        285,
        286,
        287,
        288,
        289,
        290,
        291,
        292,
        293,
        294,
        295,
        296,
        297,
        298,
        299
    ],
    "Particles_Position": [
        [
            503.4,
            1021.1
        ],
        [
            518.4,
            1019.4
        ],
        [
            507.5,
            1019.6
        ],
        [
            515.4,
            1020.3
        ],
        [
            522.3,
            1022.0
        ],
        [
            516.6,
            1021.2
        ],
        [
            535.2,
            1018.5
        ],
        [
            540.3,
            1018.0
        ],
        [
            548.2,
            1019.0
        ],
        [
            555.9,
            1020.0
        ],
        [
            557.2,
            1018.8
        ],
        [
            567.9,
            1018.4
        ],
        [
            573.6,
            1016.0
        ],
        [
            582.0,
            1013.7
        ],
        [
            586.4,
            1011.9
        ],
        [
            588.9,
            1011.9
        ],
        [
            592.5,
            1009.4
        ],
        [
            595.1,
            1005.7
        ],
        [
            594.2,
            1005.5
        ],
        [
            594.2,
            1001.0
        ],
        [
            594.4,
            1002.1
        ],
        [
            593.9,
            1003.3
        ],
        [
            591.9,
            1006.0
        ],
        [
            595.8,
            1003.7
        ],
        [
            597.5,
            1007.8
        ]
    ],
    "Particles_Estimated_Position": [
        [
            503.4,
            1021.1
        ],
        [
            518.4,
            1019.4
        ],
        [
            507.5,
            1019.6
        ],
        [
            515.4,
            1020.3
        ],
        [
            522.3,
            1022.0
        ],
        [
            516.6,
            1021.2
        ],
        [
            535.2,
            1018.5
        ],
        [
            540.3,
            1018.0
        ],
        [
            548.2,
            1019.0
        ],
        [
            555.9,
            1020.0
        ],
        [
            557.2,
            1018.8
        ],
        [
            567.9,
            1018.4
        ],
        [
            573.6,
            1016.0
        ],
        [
            582.0,
            1013.7
        ],
        [
            586.4,
            1011.9
        ],
        [
            588.9,
            1011.9
        ],
        [
            592.5,
            1009.4
        ],
        [
            595.1,
            1005.7
        ],
        [
            594.2,
            1005.5
        ],
        [
            594.2,
            1001.0
        ],
        [
            594.4,
            1002.1
        ],
        [
            593.9,
            1003.3
        ],
        [
            591.9,
            1006.0
        ],
        [
            595.8,
            1003.7
        ],
        [
            597.5,
            1007.8
        ]
    ],
    "Particles_Size": [
        21,
        33,
        18,
        47,
        12,
        22,
        36,
        10,
        50,
        71,
        85,
        192,
        331,
        465,
        529,
        550,
        570,
        570,
        611,
        669,
        649,
        568,
        604,
        636,
        591
    ],
    "Particles_Bbox": [
        [
            [
                486,
                1016
            ],
            [
                32,
                7
            ]
        ],
        [
            [
                495,
                1014
            ],
            [
                48,
                9
            ]
        ],
        [
            [
                504,
                1013
            ],
            [
                14,
                10
            ]
        ],
        [
            [
                498,
                1010
            ],
            [
                34,
                13
            ]
        ],
        [
            [
                515,
                1019
            ],
            [
                11,
                4
            ]
        ],
        [
            [
                511,
                1019
            ],
            [
                14,
                4
            ]
        ],
        [
            [
                519,
                1011
            ],
            [
                24,
                12
            ]
        ],
        [
            [
                528,
                1009
            ],
            [
                23,
                14
            ]
        ],
        [
            [
                529,
                1011
            ],
            [
                37,
                12
            ]
        ],
        [
            [
                536,
                1009
            ],
            [
                38,
                14
            ]
        ],
        [
            [
                538,
                1006
            ],
            [
                38,
                17
            ]
        ],
        [
            [
                542,
                1003
            ],
            [
                61,
                20
            ]
        ],
        [
            [
                540,
                997
            ],
            [
                69,
                26
            ]
        ],
        [
            [
                557,
                985
            ],
            [
                61,
                38
            ]
        ],
        [
            [
                563,
                993
            ],
            [
                52,
                30
            ]
        ],
        [
            [
                567,
                996
            ],
            [
                44,
                27
            ]
        ],
        [
            [
                564,
                989
            ],
            [
                45,
                34
            ]
        ],
        [
            [
                574,
                978
            ],
            [
                44,
                43
            ]
        ],
        [
            [
                565,
                985
            ],
            [
                49,
                36
            ]
        ],
        [
            [
                569,
                962
            ],
            [
                48,
                59
            ]
        ],
        [
            [
                569,
                973
            ],
            [
                49,
                46
            ]
        ],
        [
            [
                569,
                981
            ],
            [
                45,
                36
            ]
        ],
        [
            [
                577,
                983
            ],
            [
                42,
                40
            ]
        ],
        [
            [
                578,
                976
            ],
            [
                45,
                47
            ]
        ],
        [
            [
                579,
                986
            ],
            [
                41,
                37
            ]
        ]
    ],
    "Particles_Max_Intensity": [
        [
            114
        ],
        [
            131
        ],
        [
            120
        ],
        [
            125
        ],
        [
            90
        ],
        [
            95
        ],
        [
            135
        ],
        [
            131
        ],
        [
            125
        ],
        [
            140
        ],
        [
            117
        ],
        [
            106
        ],
        [
            121
        ],
        [
            124
        ],
        [
            120
        ],
        [
            128
        ],
        [
            118
        ],
        [
            122
        ],
        [
            120
        ],
        [
            118
        ],
        [
            123
        ],
        [
            123
        ],
        [
            135
        ],
        [
            132
        ],
        [
            131
        ]
    ],
    "Track_ID": 47,
    "classification": "motile",
    "probability_motility": 0.7342187558459458
}
```

## `00048.json`

**경로:** `components/syn/fsw/cfs/owls/assets/asdp000000002/predict/00048.json`


```text
{
    "Times": [
        275,
        276,
        277,
        278,
        279,
        280,
        281,
        282,
        283,
        284,
        285,
        286,
        287,
        288,
        289,
        290,
        291,
        292,
        293,
        294,
        295,
        296,
        297,
        298,
        299
    ],
    "Particles_Position": [
        [
            633.1,
            740.0
        ],
        [
            608.2,
            750.8
        ],
        [
            622.4,
            747.1
        ],
        [
            644.2,
            730.7
        ],
        [
            653.9,
            719.7
        ],
        [
            661.5,
            711.3
        ],
        [
            674.5,
            698.1
        ],
        [
            668.4,
            704.5
        ],
        [
            680.9,
            693.9
        ],
        [
            688.5,
            690.8
        ],
        [
            697.1,
            689.9
        ],
        [
            709.8,
            692.7
        ],
        [
            719.5,
            692.1
        ],
        [
            729.7,
            688.7
        ],
        [
            742.5,
            680.7
        ],
        [
            756.2,
            670.5
        ],
        [
            765.8,
            660.9
        ],
        [
            773.1,
            652.0
        ],
        [
            780.6,
            643.8
        ],
        [
            784.7,
            641.6
        ],
        [
            787.2,
            641.3
        ],
        [
            789.3,
            641.4
        ],
        [
            792.3,
            642.4
        ],
        [
            798.7,
            640.9
        ],
        [
            806.1,
            641.6
        ]
    ],
    "Particles_Estimated_Position": [
        [
            633.1,
            740.0
        ],
        [
            608.2,
            750.8
        ],
        [
            622.4,
            747.1
        ],
        [
            644.2,
            730.7
        ],
        [
            653.9,
            719.7
        ],
        [
            661.5,
            711.3
        ],
        [
            674.5,
            698.1
        ],
        [
            668.4,
            704.5
        ],
        [
            680.9,
            693.9
        ],
        [
            688.5,
            690.8
        ],
        [
            697.1,
            689.9
        ],
        [
            709.8,
            692.7
        ],
        [
            719.5,
            692.1
        ],
        [
            729.7,
            688.7
        ],
        [
            742.5,
            680.7
        ],
        [
            756.2,
            670.5
        ],
        [
            765.8,
            660.9
        ],
        [
            773.1,
            652.0
        ],
        [
            780.6,
            643.8
        ],
        [
            784.7,
            641.6
        ],
        [
            787.2,
            641.3
        ],
        [
            789.3,
            641.4
        ],
        [
            792.3,
            642.4
        ],
        [
            798.7,
            640.9
        ],
        [
            806.1,
            641.6
        ]
    ],
    "Particles_Size": [
        216,
        230,
        215,
        194,
        174,
        211,
        203,
        204,
        204,
        213,
        214,
        220,
        227,
        182,
        175,
        207,
        218,
        203,
        190,
        210,
        229,
        234,
        224,
        208,
        220
    ],
    "Particles_Bbox": [
        [
            [
                622,
                730
            ],
            [
                22,
                19
            ]
        ],
        [
            [
                597,
                739
            ],
            [
                22,
                22
            ]
        ],
        [
            [
                612,
                738
            ],
            [
                21,
                17
            ]
        ],
        [
            [
                634,
                722
            ],
            [
                22,
                17
            ]
        ],
        [
            [
                642,
                711
            ],
            [
                21,
                18
            ]
        ],
        [
            [
                647,
                701
            ],
            [
                25,
                19
            ]
        ],
        [
            [
                666,
                690
            ],
            [
                18,
                17
            ]
        ],
        [
            [
                660,
                697
            ],
            [
                17,
                16
            ]
        ],
        [
            [
                673,
                686
            ],
            [
                16,
                17
            ]
        ],
        [
            [
                676,
                682
            ],
            [
                23,
                20
            ]
        ],
        [
            [
                687,
                681
            ],
            [
                19,
                20
            ]
        ],
        [
            [
                701,
                683
            ],
            [
                19,
                21
            ]
        ],
        [
            [
                706,
                682
            ],
            [
                26,
                19
            ]
        ],
        [
            [
                718,
                679
            ],
            [
                25,
                27
            ]
        ],
        [
            [
                732,
                671
            ],
            [
                20,
                18
            ]
        ],
        [
            [
                746,
                662
            ],
            [
                21,
                17
            ]
        ],
        [
            [
                756,
                653
            ],
            [
                19,
                17
            ]
        ],
        [
            [
                761,
                644
            ],
            [
                21,
                17
            ]
        ],
        [
            [
                773,
                636
            ],
            [
                16,
                16
            ]
        ],
        [
            [
                776,
                632
            ],
            [
                17,
                24
            ]
        ],
        [
            [
                766,
                632
            ],
            [
                29,
                27
            ]
        ],
        [
            [
                781,
                630
            ],
            [
                16,
                22
            ]
        ],
        [
            [
                784,
                632
            ],
            [
                17,
                21
            ]
        ],
        [
            [
                789,
                631
            ],
            [
                18,
                19
            ]
        ],
        [
            [
                797,
                634
            ],
            [
                18,
                16
            ]
        ]
    ],
    "Particles_Max_Intensity": [
        [
            97
        ],
        [
            109
        ],
        [
            101
        ],
        [
            100
        ],
        [
            92
        ],
        [
            108
        ],
        [
            107
        ],
        [
            84
        ],
        [
            97
        ],
        [
            106
        ],
        [
            100
        ],
        [
            100
        ],
        [
            110
        ],
        [
            109
        ],
        [
            99
        ],
        [
            99
        ],
        [
            106
        ],
        [
            108
        ],
        [
            88
        ],
        [
            93
        ],
        [
            105
        ],
        [
            101
        ],
        [
            99
        ],
        [
            102
        ],
        [
            90
        ]
    ],
    "Track_ID": 48,
    "classification": "motile",
    "probability_motility": 0.7278353189410722
}
```

## `00049.json`

**경로:** `components/syn/fsw/cfs/owls/assets/asdp000000002/predict/00049.json`


```text
{
    "Times": [
        280,
        281,
        282,
        283,
        284,
        285,
        286,
        287,
        288,
        289,
        290
    ],
    "Particles_Position": [
        [
            449.0,
            157.8
        ],
        [
            459.9,
            140.3
        ],
        null,
        [
            466.2,
            130.5
        ],
        [
            470.6,
            120.8
        ],
        [
            475.4,
            112.0
        ],
        [
            482.1,
            98.2
        ],
        [
            486.4,
            91.1
        ],
        [
            491.2,
            81.4
        ],
        [
            496.0,
            75.5
        ],
        [
            502.2,
            63.5
        ]
    ],
    "Particles_Estimated_Position": [
        [
            449.0,
            157.8
        ],
        [
            459.9,
            140.3
        ],
        [
            463.04999999999995,
            135.4
        ],
        [
            466.2,
            130.5
        ],
        [
            470.6,
            120.8
        ],
        [
            475.4,
            112.0
        ],
        [
            482.1,
            98.2
        ],
        [
            486.4,
            91.1
        ],
        [
            491.2,
            81.4
        ],
        [
            496.0,
            75.5
        ],
        [
            502.2,
            63.5
        ]
    ],
    "Particles_Size": [
        10,
        14,
        null,
        11,
        19,
        13,
        9,
        15,
        18,
        8,
        8
    ],
    "Particles_Bbox": [
        [
            [
                448,
                155
            ],
            [
                2,
                5
            ]
        ],
        [
            [
                457,
                131
            ],
            [
                5,
                13
            ]
        ],
        null,
        [
            [
                464,
                125
            ],
            [
                4,
                10
            ]
        ],
        [
            [
                465,
                112
            ],
            [
                8,
                14
            ]
        ],
        [
            [
                473,
                105
            ],
            [
                6,
                15
            ]
        ],
        [
            [
                480,
                93
            ],
            [
                4,
                14
            ]
        ],
        [
            [
                483,
                83
            ],
            [
                8,
                16
            ]
        ],
        [
            [
                489,
                74
            ],
            [
                5,
                15
            ]
        ],
        [
            [
                494,
                69
            ],
            [
                4,
                11
            ]
        ],
        [
            [
                501,
                55
            ],
            [
                3,
                16
            ]
        ]
    ],
    "Particles_Max_Intensity": [
        [
            112
        ],
        [
            97
        ],
        null,
        [
            95
        ],
        [
            107
        ],
        [
            105
        ],
        [
            103
        ],
        [
            111
        ],
        [
            106
        ],
        [
            111
        ],
        [
            106
        ]
    ],
    "Track_ID": 49,
    "classification": "non-motile",
    "probability_motility": 0.3656297119411107
}
```
